City/Country,City,Name,Latitude,Longitude,Value,Type
"Zurich, Switzerland",Zurich,Switzerland,47.376943,8.541406,141.25,Cost of Living Index
"Geneva, Switzerland",Geneva,Switzerland,46.201756,6.146601,134.83,Cost of Living Index
"Basel, Switzerland",Basel,Switzerland,47.559599,7.588576,130.68,Cost of Living Index
"Bern, Switzerland",Bern,Switzerland,46.947974,7.447447,128.03,Cost of Living Index
"Lausanne, Switzerland",Lausanne,Switzerland,46.521827,6.632702,127.5,Cost of Living Index
"Reykjavik, Iceland",Reykjavik,Iceland,64.145981,-21.942237,123.78,Cost of Living Index
"Stavanger, Norway",Stavanger,Norway,58.96896,5.729465,118.61,Cost of Living Index
"Lugano, Switzerland",Lugano,Switzerland,46.00501,8.952028,118.24,Cost of Living Index
"Oslo, Norway",Oslo,Norway,59.91333,10.73897,117.23,Cost of Living Index
"Trondheim, Norway",Trondheim,Norway,63.430566,10.395193,114.22,Cost of Living Index
"Bergen, Norway",Bergen,Norway,60.391263,5.322054,112.31,Cost of Living Index
"Copenhagen, Denmark",Copenhagen,Denmark,55.686724,12.570072,97.62,Cost of Living Index
"Luxembourg, Luxembourg",Luxembourg,Luxembourg,49.815868,6.129675,95.37,Cost of Living Index
"Paris, France",Paris,France,48.856614,2.352222,92.87,Cost of Living Index
"Limerick, Ireland",Limerick,Ireland,52.661252,-8.630124,92.73,Cost of Living Index
"Arhus, Denmark",Arhus,Denmark,56.149628,10.213405,91.9,Cost of Living Index
"Aalborg, Denmark",Aalborg,Denmark,57.048221,9.919394,91.17,Cost of Living Index
"Stockholm, Sweden",Stockholm,Sweden,59.325117,18.071093,90.85,Cost of Living Index
"Montpellier, France",Montpellier,France,43.611242,3.876734,90.63,Cost of Living Index
"Dublin, Ireland",Dublin,Ireland,53.349764,-6.260273,89.92,Cost of Living Index
"Linz, Austria",Linz,Austria,48.30694,14.28583,89.33,Cost of Living Index
"Amsterdam, Netherlands",Amsterdam,Netherlands,52.37454,4.897976,89.14,Cost of Living Index
"Antwerp, Belgium",Antwerp,Belgium,51.22111,4.399708,88.2,Cost of Living Index
"Helsinki, Finland",Helsinki,Finland,60.169856,24.938379,87.77,Cost of Living Index
"Grenoble, France",Grenoble,France,45.18756,5.735782,87.73,Cost of Living Index
"Tampere, Finland",Tampere,Finland,61.498021,23.760312,87.2,Cost of Living Index
"Florence, Italy",Florence,Italy,43.769871,11.255576,86.9,Cost of Living Index
"Nice, France",Nice,France,43.700936,7.268391,86.69,Cost of Living Index
"Leuven, Belgium",Leuven,Belgium,50.879202,4.701168,85.31,Cost of Living Index
"Gent, Belgium",Gent,Belgium,50.879202,4.701168,85.16,Cost of Living Index
"Milan, Italy",Milan,Italy,45.4668,9.1905,85.1,Cost of Living Index
"Genoa, Italy",Genoa,Italy,44.40726,8.933862,85.04,Cost of Living Index
"The Hague (Den Haag), Netherlands",The Hague (Den Haag),Netherlands,52.079984,4.311346,84.97,Cost of Living Index
"Munich, Germany",Munich,Germany,48.137108,11.575382,84.78,Cost of Living Index
"Lyon, France",Lyon,France,45.757814,4.832011,84.47,Cost of Living Index
"Gothenburg, Sweden",Gothenburg,Sweden,57.707233,11.967017,84.38,Cost of Living Index
"Brussels, Belgium",Brussels,Belgium,50.846557,4.351697,83.65,Cost of Living Index
"Utrecht, Netherlands",Utrecht,Netherlands,52.080952,5.12768,83.34,Cost of Living Index
"Cork, Ireland",Cork,Ireland,51.897928,-8.470581,82.89,Cost of Living Index
"Toulouse, France",Toulouse,France,43.604462,1.444247,82.85,Cost of Living Index
"Rotterdam, Netherlands",Rotterdam,Netherlands,51.922896,4.463173,82.64,Cost of Living Index
"Dusseldorf, Germany",Dusseldorf,Germany,51.225402,6.776314,82.48,Cost of Living Index
"Turku, Finland",Turku,Finland,60.451753,22.267052,82.18,Cost of Living Index
"Padova, Italy",Padova,Italy,45.407717,11.873446,81.77,Cost of Living Index
"Frankfurt, Germany",Frankfurt,Germany,50.110922,8.682127,81.65,Cost of Living Index
"Hamburg, Germany",Hamburg,Germany,53.550341,10.000654,80.75,Cost of Living Index
"Parma, Italy",Parma,Italy,44.801368,10.328083,80.69,Cost of Living Index
"Maastricht, Netherlands",Maastricht,Netherlands,50.857985,5.696988,80.69,Cost of Living Index
"Graz, Austria",Graz,Austria,47.070868,15.438279,80.59,Cost of Living Index
"Galway, Ireland",Galway,Ireland,53.274412,-9.049063,80.22,Cost of Living Index
"Malmo, Sweden",Malmo,Sweden,55.605293,13.000157,79.79,Cost of Living Index
"Uppsala, Sweden",Uppsala,Sweden,59.858564,17.638927,79.7,Cost of Living Index
"Lund, Sweden",Lund,Sweden,55.70293,13.192945,79.39,Cost of Living Index
"Bologna, Italy",Bologna,Italy,44.49382,11.342633,79.04,Cost of Living Index
"Sliema, Malta",Sliema,Malta,35.912761,14.502071,78.94,Cost of Living Index
"Rome, Italy",Rome,Italy,41.894802,12.485338,78.8,Cost of Living Index
"Eindhoven, Netherlands",Eindhoven,Netherlands,51.439265,5.478633,78.72,Cost of Living Index
"Vienna, Austria",Vienna,Austria,48.208354,16.372504,78.64,Cost of Living Index
"Lille, France",Lille,France,50.636565,3.063528,78.34,Cost of Living Index
"Trieste, Italy",Trieste,Italy,45.650033,13.770656,77.97,Cost of Living Index
"Bergamo, Italy",Bergamo,Italy,45.756656,9.754219,77.71,Cost of Living Index
"Heidelberg, Germany",Heidelberg,Germany,49.398752,8.672434,77.3,Cost of Living Index
"Mannheim, Germany",Mannheim,Germany,49.489291,8.46731,76.97,Cost of Living Index
"Groningen, Netherlands",Groningen,Netherlands,53.219065,6.568008,76.64,Cost of Living Index
"Karlsruhe, Germany",Karlsruhe,Germany,49.00689,8.403653,75.8,Cost of Living Index
"Turin, Italy",Turin,Italy,45.070339,7.686864,74.94,Cost of Living Index
"Stuttgart, Germany",Stuttgart,Germany,48.778449,9.180013,74.53,Cost of Living Index
"Berlin, Germany",Berlin,Germany,52.517037,13.38886,74.32,Cost of Living Index
"Palma De Mallorca, Spain",Palma De Mallorca,Spain,39.5696,2.65016,74.08,Cost of Living Index
"Cologne, Germany",Cologne,Germany,50.938361,6.959974,74.02,Cost of Living Index
"Bonn, Germany",Bonn,Germany,50.73743,7.098207,73.61,Cost of Living Index
"Bremen, Germany",Bremen,Germany,53.07582,8.807165,73.41,Cost of Living Index
"Bilbao, Spain",Bilbao,Spain,43.263005,-2.934992,73.3,Cost of Living Index
"Nuremberg, Germany",Nuremberg,Germany,49.453872,11.077298,72.57,Cost of Living Index
"Leipzig, Germany",Leipzig,Germany,51.340632,12.374733,72.4,Cost of Living Index
"Aachen, Germany",Aachen,Germany,50.776351,6.083862,71.81,Cost of Living Index
"Dresden, Germany",Dresden,Germany,51.049329,13.738144,71.22,Cost of Living Index
"Naples, Italy",Naples,Italy,40.835934,14.248783,71.14,Cost of Living Index
"Darmstadt, Germany",Darmstadt,Germany,49.872775,8.651177,70.17,Cost of Living Index
"Barcelona, Spain",Barcelona,Spain,41.387397,2.168568,69.75,Cost of Living Index
"Marseille, France",Marseille,France,43.296174,5.369953,69.66,Cost of Living Index
"Hanover, Germany",Hanover,Germany,52.374478,9.738553,69.47,Cost of Living Index
"Malta, Malta",Malta,Malta,35.937496,14.375416,68.44,Cost of Living Index
"Madrid, Spain",Madrid,Spain,40.416705,-3.703582,67.63,Cost of Living Index
"Nicosia, Cyprus",Nicosia,Cyprus,35.180282,33.373696,66.23,Cost of Living Index
"Ljubljana, Slovenia",Ljubljana,Slovenia,46.049815,14.506782,65.47,Cost of Living Index
"Zaragoza (Saragossa), Spain",Zaragoza (Saragossa),Spain,41.652134,-0.880943,65.4,Cost of Living Index
"Thessaloniki, Greece",Thessaloniki,Greece,40.640063,22.944419,64.94,Cost of Living Index
"Athens, Greece",Athens,Greece,37.983941,23.728305,64.67,Cost of Living Index
"Limassol, Cyprus",Limassol,Cyprus,34.68529,33.033266,63.52,Cost of Living Index
"Martin, Slovakia",Martin,Slovakia,49.072492,18.929193,61.04,Cost of Living Index
"Tallinn, Estonia",Tallinn,Estonia,59.437216,24.745369,60.51,Cost of Living Index
"Valencia, Spain",Valencia,Spain,39.469901,-0.375951,60.33,Cost of Living Index
"Sevilla, Spain",Sevilla,Spain,37.38863,-5.99534,60.16,Cost of Living Index
"Larnaca, Cyprus",Larnaca,Cyprus,34.923609,33.623618,59.97,Cost of Living Index
"Split, Croatia",Split,Croatia,43.508132,16.440193,59.05,Cost of Living Index
"Rijeka, Croatia",Rijeka,Croatia,45.326936,14.440984,58.54,Cost of Living Index
"Zagreb, Croatia",Zagreb,Croatia,45.813177,15.977048,58,Cost of Living Index
"Lisbon, Portugal",Lisbon,Portugal,38.707751,-9.136592,57.69,Cost of Living Index
"Patras, Greece",Patras,Greece,38.246242,21.735085,57.35,Cost of Living Index
"Malaga, Spain",Malaga,Spain,36.721303,-4.421637,57.23,Cost of Living Index
"Funchal, Portugal",Funchal,Portugal,32.64965,-16.908678,57,Cost of Living Index
"Tartu, Estonia",Tartu,Estonia,58.374844,26.730244,55.49,Cost of Living Index
"Porto, Portugal",Porto,Portugal,41.157944,-8.629105,54.92,Cost of Living Index
"Riga, Latvia",Riga,Latvia,56.949398,24.105185,54.87,Cost of Living Index
"Coimbra, Portugal",Coimbra,Portugal,40.21098,-8.429206,54.5,Cost of Living Index
"Granada, Spain",Granada,Spain,37.183054,-3.602193,54.47,Cost of Living Index
"Vilnius, Lithuania",Vilnius,Lithuania,54.687046,25.282911,54.26,Cost of Living Index
"Prague, Czech Republic",Prague,Czech Republic,50.087465,14.421254,53.84,Cost of Living Index
"Bratislava, Slovakia",Bratislava,Slovakia,48.135908,17.159744,53.64,Cost of Living Index
"Santa Cruz De Tenerife, Spain",Santa Cruz De Tenerife,Spain,28.469648,-16.254088,53.34,Cost of Living Index
"Las Palmas, Spain",Las Palmas,Spain,27.958,-15.606231,52.71,Cost of Living Index
"Kaunas, Lithuania",Kaunas,Lithuania,54.898214,23.904482,52.56,Cost of Living Index
"Klaipeda, Lithuania",Klaipeda,Lithuania,55.712753,21.135047,52.09,Cost of Living Index
"Braga, Portugal",Braga,Portugal,41.551058,-8.428005,51.43,Cost of Living Index
"Kosice, Slovakia",Kosice,Slovakia,48.717227,21.249677,51.36,Cost of Living Index
"Budapest, Hungary",Budapest,Hungary,47.498382,19.040471,51,Cost of Living Index
"Brno, Czech Republic",Brno,Czech Republic,49.19506,16.606837,50.29,Cost of Living Index
"Osijek, Croatia",Osijek,Croatia,45.554875,18.695359,49.04,Cost of Living Index
"Gdansk, Poland",Gdansk,Poland,54.361434,18.628218,49.01,Cost of Living Index
"Warsaw, Poland",Warsaw,Poland,52.233717,21.071411,48.31,Cost of Living Index
"Gdynia, Poland",Gdynia,Poland,54.503833,18.462806,47.86,Cost of Living Index
"Wroclaw, Poland",Wroclaw,Poland,51.108978,17.032669,46.27,Cost of Living Index
"Olomouc, Czech Republic",Olomouc,Czech Republic,49.594057,17.251143,45.99,Cost of Living Index
"Krakow (Cracow), Poland",Krakow (Cracow),Poland,50.060674,19.937139,45.79,Cost of Living Index
"Poznan, Poland",Poznan,Poland,52.400632,16.919787,45.27,Cost of Living Index
"Debrecen, Hungary",Debrecen,Hungary,47.531399,21.625978,44.92,Cost of Living Index
"Bydgoszcz, Poland",Bydgoszcz,Poland,53.129746,18.02937,44.91,Cost of Living Index
"Ostrava, Czech Republic",Ostrava,Czech Republic,49.834914,18.282008,44.78,Cost of Living Index
"Podgorica, Montenegro",Podgorica,Montenegro,42.441524,19.262108,44.68,Cost of Living Index
"Szczecin, Poland",Szczecin,Poland,53.429681,14.592913,44.61,Cost of Living Index
"Bucharest, Romania",Bucharest,Romania,44.436141,26.10272,44.38,Cost of Living Index
"Belgrade, Serbia",Belgrade,Serbia,44.817813,20.456897,43.99,Cost of Living Index
"Lodz, Poland",Lodz,Poland,51.768732,19.456991,43.68,Cost of Living Index
"Sofia, Bulgaria",Sofia,Bulgaria,42.697708,23.321867,43.11,Cost of Living Index
"Sarajevo, Bosnia And Herzegovina",Sarajevo,Bosnia And Herzegovina,43.851977,18.386687,42.5,Cost of Living Index
"Lublin, Poland",Lublin,Poland,51.246454,22.568446,42.33,Cost of Living Index
"Katowice, Poland",Katowice,Poland,50.259899,19.021585,42.28,Cost of Living Index
"Varna, Bulgaria",Varna,Bulgaria,43.21405,27.914733,42.26,Cost of Living Index
"Timisoara, Romania",Timisoara,Romania,45.753836,21.225747,41.62,Cost of Living Index
"Burgas, Bulgaria",Burgas,Bulgaria,42.444553,27.208265,40.81,Cost of Living Index
"Cluj-Napoca, Romania",Cluj-Napoca,Romania,46.769379,23.589954,40.51,Cost of Living Index
"Plovdiv, Bulgaria",Plovdiv,Bulgaria,42.141854,24.74993,40.29,Cost of Living Index
"Banja Luka, Bosnia And Herzegovina",Banja Luka,Bosnia And Herzegovina,44.774118,17.196153,39.85,Cost of Living Index
"Iasi, Romania",Iasi,Romania,47.161534,27.583614,39.81,Cost of Living Index
"Sibiu, Romania",Sibiu,Romania,45.797391,24.15192,39.5,Cost of Living Index
"Tirana, Albania",Tirana,Albania,41.315886,19.900912,39.33,Cost of Living Index
"Oradea, Romania",Oradea,Romania,47.054916,21.928523,38.94,Cost of Living Index
"Novi Sad, Serbia",Novi Sad,Serbia,45.255134,19.845176,38.9,Cost of Living Index
"Skopje, Macedonia",Skopje,Macedonia,41.996092,21.431649,38.51,Cost of Living Index
"Brasov, Romania",Brasov,Romania,45.652309,25.610275,38.37,Cost of Living Index
"Nis, Serbia",Nis,Serbia,43.321504,21.89573,37.32,Cost of Living Index
"Arad, Romania",Arad,Romania,46.293665,21.893762,36.47,Cost of Living Index
"Craiova, Romania",Craiova,Romania,44.319016,23.796561,34.34,Cost of Living Index
"Chisinau, Moldova",Chisinau,Moldova,47.024471,28.832253,34.06,Cost of Living Index
"Odesa, Ukraine",Odesa,Ukraine,46.484302,30.732288,29.79,Cost of Living Index
"Kiev, Ukraine",Kiev,Ukraine,50.450107,30.52405,27.52,Cost of Living Index
"Dnipropetrovsk, Ukraine",Dnipropetrovsk,Ukraine,48.468022,35.041771,26.39,Cost of Living Index
"Lviv, Ukraine",Lviv,Ukraine,49.841952,24.031592,25.31,Cost of Living Index
"Kharkiv, Ukraine",Kharkiv,Ukraine,49.992318,36.231015,24.85,Cost of Living Index
"London, United Kingdom",London,England,51.507351,-0.127758,88.69,Cost of Living Index
"Milton Keynes, United Kingdom",Milton Keynes,England,52.04298,-0.758961,86.28,Cost of Living Index
"Bath, United Kingdom",Bath,England,51.381386,-2.359696,85.79,Cost of Living Index
"Reading, United Kingdom",Reading,England,51.451495,-0.983634,85.56,Cost of Living Index
"Aberdeen, United Kingdom",Aberdeen,Scotland,57.148243,-2.092809,83.18,Cost of Living Index
"Cambridge, United Kingdom",Cambridge,England,52.203482,0.123582,82.96,Cost of Living Index
"Portsmouth, United Kingdom",Portsmouth,England,50.803683,-1.075614,80.05,Cost of Living Index
"Oxford, United Kingdom",Oxford,England,51.752013,-1.25785,79.37,Cost of Living Index
"Edinburgh, United Kingdom",Edinburgh,Scotland,55.953346,-3.188375,79.2,Cost of Living Index
"York, United Kingdom",York,England,53.959055,-1.081536,77.98,Cost of Living Index
"Bristol, United Kingdom",Bristol,England,51.453802,-2.597298,77.83,Cost of Living Index
"Manchester, United Kingdom",Manchester,England,53.479489,-2.245115,77.15,Cost of Living Index
"Brighton, United Kingdom",Brighton,England,50.82204,-0.137406,76.4,Cost of Living Index
"Nottingham, United Kingdom",Nottingham,England,52.953419,-1.149646,75.98,Cost of Living Index
"Coventry, United Kingdom",Coventry,England,52.408181,-1.510477,75.72,Cost of Living Index
"Norwich, United Kingdom",Norwich,England,52.628606,1.29227,75.4,Cost of Living Index
"Leeds, United Kingdom",Leeds,England,53.797418,-1.543794,74.92,Cost of Living Index
"Sheffield, United Kingdom",Sheffield,England,53.380663,-1.470228,74.31,Cost of Living Index
"Glasgow, United Kingdom",Glasgow,Scotland,55.860982,-4.248879,74.3,Cost of Living Index
"Exeter, United Kingdom",Exeter,England,50.725562,-3.526911,73.17,Cost of Living Index
"Birmingham, United Kingdom",Birmingham,England,52.47754,-1.894053,71.6,Cost of Living Index
"Cardiff, United Kingdom",Cardiff,Wales,51.481655,-3.179193,71.52,Cost of Living Index
"Southampton, United Kingdom",Southampton,England,50.902535,-1.404189,71.48,Cost of Living Index
"Newcastle Upon Tyne, United Kingdom",Newcastle Upon Tyne,England,54.973847,-1.613157,69.91,Cost of Living Index
"Liverpool, United Kingdom",Liverpool,England,53.407154,-2.991665,69.53,Cost of Living Index
"Belfast, United Kingdom",Belfast,Northern Ireland,54.596441,-5.930276,68.77,Cost of Living Index
"Derby, United Kingdom",Derby,England,52.921262,-1.476149,68.68,Cost of Living Index
"Zurich, Switzerland",Zurich,Switzerland,47.376943,8.541406,66.14,Rent Index
"Geneva, Switzerland",Geneva,Switzerland,46.201756,6.146601,71.7,Rent Index
"Basel, Switzerland",Basel,Switzerland,47.559599,7.588576,49.68,Rent Index
"Bern, Switzerland",Bern,Switzerland,46.947974,7.447447,43.57,Rent Index
"Lausanne, Switzerland",Lausanne,Switzerland,46.521827,6.632702,52.32,Rent Index
"Reykjavik, Iceland",Reykjavik,Iceland,64.145981,-21.942237,57.25,Rent Index
"Stavanger, Norway",Stavanger,Norway,58.96896,5.729465,39.83,Rent Index
"Lugano, Switzerland",Lugano,Switzerland,46.00501,8.952028,52.91,Rent Index
"Oslo, Norway",Oslo,Norway,59.91333,10.73897,49.28,Rent Index
"Trondheim, Norway",Trondheim,Norway,63.430566,10.395193,42.39,Rent Index
"Bergen, Norway",Bergen,Norway,60.391263,5.322054,40.3,Rent Index
"Copenhagen, Denmark",Copenhagen,Denmark,55.686724,12.570072,50.66,Rent Index
"Luxembourg, Luxembourg",Luxembourg,Luxembourg,49.815868,6.129675,61.59,Rent Index
"Paris, France",Paris,France,48.856614,2.352222,50.3,Rent Index
"Limerick, Ireland",Limerick,Ireland,52.661252,-8.630124,27.71,Rent Index
"Arhus, Denmark",Arhus,Denmark,56.149628,10.213405,34.82,Rent Index
"Aalborg, Denmark",Aalborg,Denmark,57.048221,9.919394,26.81,Rent Index
"Stockholm, Sweden",Stockholm,Sweden,59.325117,18.071093,45.27,Rent Index
"Montpellier, France",Montpellier,France,43.611242,3.876734,24.95,Rent Index
"Dublin, Ireland",Dublin,Ireland,53.349764,-6.260273,62.13,Rent Index
"Linz, Austria",Linz,Austria,48.30694,14.28583,29.43,Rent Index
"Amsterdam, Netherlands",Amsterdam,Netherlands,52.37454,4.897976,58.22,Rent Index
"Antwerp, Belgium",Antwerp,Belgium,51.22111,4.399708,28.06,Rent Index
"Helsinki, Finland",Helsinki,Finland,60.169856,24.938379,40.52,Rent Index
"Grenoble, France",Grenoble,France,45.18756,5.735782,25.07,Rent Index
"Tampere, Finland",Tampere,Finland,61.498021,23.760312,28.89,Rent Index
"Florence, Italy",Florence,Italy,43.769871,11.255576,31.81,Rent Index
"Nice, France",Nice,France,43.700936,7.268391,31.64,Rent Index
"Leuven, Belgium",Leuven,Belgium,50.879202,4.701168,29.48,Rent Index
"Gent, Belgium",Gent,Belgium,50.879202,4.701168,26.92,Rent Index
"Milan, Italy",Milan,Italy,45.4668,9.1905,43.65,Rent Index
"Genoa, Italy",Genoa,Italy,44.40726,8.933862,21.49,Rent Index
"The Hague (Den Haag), Netherlands",The Hague (Den Haag),Netherlands,52.079984,4.311346,35.55,Rent Index
"Munich, Germany",Munich,Germany,48.137108,11.575382,46.46,Rent Index
"Lyon, France",Lyon,France,45.757814,4.832011,28.04,Rent Index
"Gothenburg, Sweden",Gothenburg,Sweden,57.707233,11.967017,30.46,Rent Index
"Brussels, Belgium",Brussels,Belgium,50.846557,4.351697,35.76,Rent Index
"Utrecht, Netherlands",Utrecht,Netherlands,52.080952,5.12768,40.23,Rent Index
"Cork, Ireland",Cork,Ireland,51.897928,-8.470581,39.97,Rent Index
"Toulouse, France",Toulouse,France,43.604462,1.444247,24.97,Rent Index
"Rotterdam, Netherlands",Rotterdam,Netherlands,51.922896,4.463173,35.28,Rent Index
"Dusseldorf, Germany",Dusseldorf,Germany,51.225402,6.776314,36.34,Rent Index
"Turku, Finland",Turku,Finland,60.451753,22.267052,25.55,Rent Index
"Padova, Italy",Padova,Italy,45.407717,11.873446,23.89,Rent Index
"Frankfurt, Germany",Frankfurt,Germany,50.110922,8.682127,37.59,Rent Index
"Hamburg, Germany",Hamburg,Germany,53.550341,10.000654,33.61,Rent Index
"Parma, Italy",Parma,Italy,44.801368,10.328083,25.04,Rent Index
"Maastricht, Netherlands",Maastricht,Netherlands,50.857985,5.696988,33.35,Rent Index
"Graz, Austria",Graz,Austria,47.070868,15.438279,24.94,Rent Index
"Galway, Ireland",Galway,Ireland,53.274412,-9.049063,34.58,Rent Index
"Malmo, Sweden",Malmo,Sweden,55.605293,13.000157,28.57,Rent Index
"Uppsala, Sweden",Uppsala,Sweden,59.858564,17.638927,28.42,Rent Index
"Lund, Sweden",Lund,Sweden,55.70293,13.192945,27.07,Rent Index
"Bologna, Italy",Bologna,Italy,44.49382,11.342633,26.08,Rent Index
"Sliema, Malta",Sliema,Malta,35.912761,14.502071,36.17,Rent Index
"Rome, Italy",Rome,Italy,41.894802,12.485338,40.24,Rent Index
"Eindhoven, Netherlands",Eindhoven,Netherlands,51.439265,5.478633,35.2,Rent Index
"Vienna, Austria",Vienna,Austria,48.208354,16.372504,35.04,Rent Index
"Lille, France",Lille,France,50.636565,3.063528,24.7,Rent Index
"Trieste, Italy",Trieste,Italy,45.650033,13.770656,21.54,Rent Index
"Bergamo, Italy",Bergamo,Italy,45.756656,9.754219,22.05,Rent Index
"Heidelberg, Germany",Heidelberg,Germany,49.398752,8.672434,37.21,Rent Index
"Mannheim, Germany",Mannheim,Germany,49.489291,8.46731,27.25,Rent Index
"Groningen, Netherlands",Groningen,Netherlands,53.219065,6.568008,30.91,Rent Index
"Karlsruhe, Germany",Karlsruhe,Germany,49.00689,8.403653,23.89,Rent Index
"Turin, Italy",Turin,Italy,45.070339,7.686864,23.25,Rent Index
"Stuttgart, Germany",Stuttgart,Germany,48.778449,9.180013,34.86,Rent Index
"Berlin, Germany",Berlin,Germany,52.517037,13.38886,33.54,Rent Index
"Palma De Mallorca, Spain",Palma De Mallorca,Spain,39.5696,2.65016,24.4,Rent Index
"Cologne, Germany",Cologne,Germany,50.938361,6.959974,29.75,Rent Index
"Bonn, Germany",Bonn,Germany,50.73743,7.098207,29.24,Rent Index
"Bremen, Germany",Bremen,Germany,53.07582,8.807165,22.22,Rent Index
"Bilbao, Spain",Bilbao,Spain,43.263005,-2.934992,30.28,Rent Index
"Nuremberg, Germany",Nuremberg,Germany,49.453872,11.077298,25.08,Rent Index
"Leipzig, Germany",Leipzig,Germany,51.340632,12.374733,20.19,Rent Index
"Aachen, Germany",Aachen,Germany,50.776351,6.083862,24.48,Rent Index
"Dresden, Germany",Dresden,Germany,51.049329,13.738144,22.95,Rent Index
"Naples, Italy",Naples,Italy,40.835934,14.248783,19.85,Rent Index
"Darmstadt, Germany",Darmstadt,Germany,49.872775,8.651177,30.69,Rent Index
"Barcelona, Spain",Barcelona,Spain,41.387397,2.168568,33.71,Rent Index
"Marseille, France",Marseille,France,43.296174,5.369953,23.92,Rent Index
"Hanover, Germany",Hanover,Germany,52.374478,9.738553,22.04,Rent Index
"Malta, Malta",Malta,Malta,35.937496,14.375416,26.6,Rent Index
"Madrid, Spain",Madrid,Spain,40.416705,-3.703582,33.41,Rent Index
"Nicosia, Cyprus",Nicosia,Cyprus,35.180282,33.373696,17.22,Rent Index
"Ljubljana, Slovenia",Ljubljana,Slovenia,46.049815,14.506782,20.62,Rent Index
"Zaragoza (Saragossa), Spain",Zaragoza (Saragossa),Spain,41.652134,-0.880943,15.21,Rent Index
"Thessaloniki, Greece",Thessaloniki,Greece,40.640063,22.944419,11.57,Rent Index
"Athens, Greece",Athens,Greece,37.983941,23.728305,13.97,Rent Index
"Limassol, Cyprus",Limassol,Cyprus,34.68529,33.033266,24.22,Rent Index
"Martin, Slovakia",Martin,Slovakia,49.072492,18.929193,20.8,Rent Index
"Tallinn, Estonia",Tallinn,Estonia,59.437216,24.745369,17.66,Rent Index
"Valencia, Spain",Valencia,Spain,39.469901,-0.375951,20.61,Rent Index
"Sevilla, Spain",Sevilla,Spain,37.38863,-5.99534,21.15,Rent Index
"Larnaca, Cyprus",Larnaca,Cyprus,34.923609,33.623618,11.36,Rent Index
"Split, Croatia",Split,Croatia,43.508132,16.440193,13.74,Rent Index
"Rijeka, Croatia",Rijeka,Croatia,45.326936,14.440984,12.29,Rent Index
"Zagreb, Croatia",Zagreb,Croatia,45.813177,15.977048,15.39,Rent Index
"Lisbon, Portugal",Lisbon,Portugal,38.707751,-9.136592,29.33,Rent Index
"Patras, Greece",Patras,Greece,38.246242,21.735085,9.41,Rent Index
"Malaga, Spain",Malaga,Spain,36.721303,-4.421637,21.19,Rent Index
"Funchal, Portugal",Funchal,Portugal,32.64965,-16.908678,17.91,Rent Index
"Tartu, Estonia",Tartu,Estonia,58.374844,26.730244,14.44,Rent Index
"Porto, Portugal",Porto,Portugal,41.157944,-8.629105,20.87,Rent Index
"Riga, Latvia",Riga,Latvia,56.949398,24.105185,15.23,Rent Index
"Coimbra, Portugal",Coimbra,Portugal,40.21098,-8.429206,14.58,Rent Index
"Granada, Spain",Granada,Spain,37.183054,-3.602193,14.9,Rent Index
"Vilnius, Lithuania",Vilnius,Lithuania,54.687046,25.282911,17.9,Rent Index
"Prague, Czech Republic",Prague,Czech Republic,50.087465,14.421254,25.06,Rent Index
"Bratislava, Slovakia",Bratislava,Slovakia,48.135908,17.159744,22.87,Rent Index
"Santa Cruz De Tenerife, Spain",Santa Cruz De Tenerife,Spain,28.469648,-16.254088,18.05,Rent Index
"Las Palmas, Spain",Las Palmas,Spain,27.958,-15.606231,20.09,Rent Index
"Kaunas, Lithuania",Kaunas,Lithuania,54.898214,23.904482,12.38,Rent Index
"Klaipeda, Lithuania",Klaipeda,Lithuania,55.712753,21.135047,11.61,Rent Index
"Braga, Portugal",Braga,Portugal,41.551058,-8.428005,12.28,Rent Index
"Kosice, Slovakia",Kosice,Slovakia,48.717227,21.249677,16.16,Rent Index
"Budapest, Hungary",Budapest,Hungary,47.498382,19.040471,18.08,Rent Index
"Brno, Czech Republic",Brno,Czech Republic,49.19506,16.606837,19.26,Rent Index
"Osijek, Croatia",Osijek,Croatia,45.554875,18.695359,8.14,Rent Index
"Gdansk, Poland",Gdansk,Poland,54.361434,18.628218,17.8,Rent Index
"Warsaw, Poland",Warsaw,Poland,52.233717,21.071411,22.5,Rent Index
"Gdynia, Poland",Gdynia,Poland,54.503833,18.462806,14.6,Rent Index
"Wroclaw, Poland",Wroclaw,Poland,51.108978,17.032669,19.64,Rent Index
"Olomouc, Czech Republic",Olomouc,Czech Republic,49.594057,17.251143,13.01,Rent Index
"Krakow (Cracow), Poland",Krakow (Cracow),Poland,50.060674,19.937139,18.18,Rent Index
"Poznan, Poland",Poznan,Poland,52.400632,16.919787,15.45,Rent Index
"Debrecen, Hungary",Debrecen,Hungary,47.531399,21.625978,10.34,Rent Index
"Bydgoszcz, Poland",Bydgoszcz,Poland,53.129746,18.02937,15.1,Rent Index
"Ostrava, Czech Republic",Ostrava,Czech Republic,49.834914,18.282008,10.73,Rent Index
"Podgorica, Montenegro",Podgorica,Montenegro,42.441524,19.262108,11.1,Rent Index
"Szczecin, Poland",Szczecin,Poland,53.429681,14.592913,12.73,Rent Index
"Bucharest, Romania",Bucharest,Romania,44.436141,26.10272,14,Rent Index
"Belgrade, Serbia",Belgrade,Serbia,44.817813,20.456897,12.28,Rent Index
"Lodz, Poland",Lodz,Poland,51.768732,19.456991,12.79,Rent Index
"Sofia, Bulgaria",Sofia,Bulgaria,42.697708,23.321867,12.96,Rent Index
"Sarajevo, Bosnia And Herzegovina",Sarajevo,Bosnia And Herzegovina,43.851977,18.386687,10.13,Rent Index
"Lublin, Poland",Lublin,Poland,51.246454,22.568446,18.04,Rent Index
"Katowice, Poland",Katowice,Poland,50.259899,19.021585,12.37,Rent Index
"Varna, Bulgaria",Varna,Bulgaria,43.21405,27.914733,8.71,Rent Index
"Timisoara, Romania",Timisoara,Romania,45.753836,21.225747,10.78,Rent Index
"Burgas, Bulgaria",Burgas,Bulgaria,42.444553,27.208265,7.29,Rent Index
"Cluj-Napoca, Romania",Cluj-Napoca,Romania,46.769379,23.589954,13.6,Rent Index
"Plovdiv, Bulgaria",Plovdiv,Bulgaria,42.141854,24.74993,7.65,Rent Index
"Banja Luka, Bosnia And Herzegovina",Banja Luka,Bosnia And Herzegovina,44.774118,17.196153,7.77,Rent Index
"Iasi, Romania",Iasi,Romania,47.161534,27.583614,10.55,Rent Index
"Sibiu, Romania",Sibiu,Romania,45.797391,24.15192,8.46,Rent Index
"Tirana, Albania",Tirana,Albania,41.315886,19.900912,9.96,Rent Index
"Oradea, Romania",Oradea,Romania,47.054916,21.928523,7.42,Rent Index
"Novi Sad, Serbia",Novi Sad,Serbia,45.255134,19.845176,7.47,Rent Index
"Skopje, Macedonia",Skopje,Macedonia,41.996092,21.431649,9.26,Rent Index
"Brasov, Romania",Brasov,Romania,45.652309,25.610275,9.96,Rent Index
"Nis, Serbia",Nis,Serbia,43.321504,21.89573,5.73,Rent Index
"Arad, Romania",Arad,Romania,46.293665,21.893762,9.22,Rent Index
"Craiova, Romania",Craiova,Romania,44.319016,23.796561,6.84,Rent Index
"Chisinau, Moldova",Chisinau,Moldova,47.024471,28.832253,9.35,Rent Index
"Odesa, Ukraine",Odesa,Ukraine,46.484302,30.732288,10.23,Rent Index
"Kiev, Ukraine",Kiev,Ukraine,50.450107,30.52405,12.43,Rent Index
"Dnipropetrovsk, Ukraine",Dnipropetrovsk,Ukraine,48.468022,35.041771,6.63,Rent Index
"Lviv, Ukraine",Lviv,Ukraine,49.841952,24.031592,8.1,Rent Index
"Kharkiv, Ukraine",Kharkiv,Ukraine,49.992318,36.231015,8.29,Rent Index
"London, United Kingdom",London,England,51.507351,-0.127758,76.67,Rent Index
"Milton Keynes, United Kingdom",Milton Keynes,England,52.04298,-0.758961,37.34,Rent Index
"Bath, United Kingdom",Bath,England,51.381386,-2.359696,37.62,Rent Index
"Reading, United Kingdom",Reading,England,51.451495,-0.983634,40.91,Rent Index
"Aberdeen, United Kingdom",Aberdeen,Scotland,57.148243,-2.092809,32.13,Rent Index
"Cambridge, United Kingdom",Cambridge,England,52.203482,0.123582,47.33,Rent Index
"Portsmouth, United Kingdom",Portsmouth,England,50.803683,-1.075614,32.23,Rent Index
"Oxford, United Kingdom",Oxford,England,51.752013,-1.25785,53.29,Rent Index
"Edinburgh, United Kingdom",Edinburgh,Scotland,55.953346,-3.188375,34.6,Rent Index
"York, United Kingdom",York,England,53.959055,-1.081536,29.69,Rent Index
"Bristol, United Kingdom",Bristol,England,51.453802,-2.597298,40.01,Rent Index
"Manchester, United Kingdom",Manchester,England,53.479489,-2.245115,30.87,Rent Index
"Brighton, United Kingdom",Brighton,England,50.82204,-0.137406,44.89,Rent Index
"Nottingham, United Kingdom",Nottingham,England,52.953419,-1.149646,24.8,Rent Index
"Coventry, United Kingdom",Coventry,England,52.408181,-1.510477,26.45,Rent Index
"Norwich, United Kingdom",Norwich,England,52.628606,1.29227,25.34,Rent Index
"Leeds, United Kingdom",Leeds,England,53.797418,-1.543794,30.31,Rent Index
"Sheffield, United Kingdom",Sheffield,England,53.380663,-1.470228,25.05,Rent Index
"Glasgow, United Kingdom",Glasgow,Scotland,55.860982,-4.248879,28.12,Rent Index
"Exeter, United Kingdom",Exeter,England,50.725562,-3.526911,31.86,Rent Index
"Birmingham, United Kingdom",Birmingham,England,52.47754,-1.894053,29.57,Rent Index
"Cardiff, United Kingdom",Cardiff,Wales,51.481655,-3.179193,28.32,Rent Index
"Southampton, United Kingdom",Southampton,England,50.902535,-1.404189,33.09,Rent Index
"Newcastle Upon Tyne, United Kingdom",Newcastle Upon Tyne,England,54.973847,-1.613157,25.69,Rent Index
"Liverpool, United Kingdom",Liverpool,England,53.407154,-2.991665,24.96,Rent Index
"Belfast, United Kingdom",Belfast,Northern Ireland,54.596441,-5.930276,23.7,Rent Index
"Derby, United Kingdom",Derby,England,52.921262,-1.476149,21.48,Rent Index
"Zurich, Switzerland",Zurich,Switzerland,47.376943,8.541406,105.03,Cost of Living Plus Rent Index
"Geneva, Switzerland",Geneva,Switzerland,46.201756,6.146601,104.38,Cost of Living Plus Rent Index
"Basel, Switzerland",Basel,Switzerland,47.559599,7.588576,91.61,Cost of Living Plus Rent Index
"Bern, Switzerland",Bern,Switzerland,46.947974,7.447447,87.3,Cost of Living Plus Rent Index
"Lausanne, Switzerland",Lausanne,Switzerland,46.521827,6.632702,91.24,Cost of Living Plus Rent Index
"Reykjavik, Iceland",Reykjavik,Iceland,64.145981,-21.942237,91.7,Cost of Living Plus Rent Index
"Stavanger, Norway",Stavanger,Norway,58.96896,5.729465,80.61,Cost of Living Plus Rent Index
"Lugano, Switzerland",Lugano,Switzerland,46.00501,8.952028,86.73,Cost of Living Plus Rent Index
"Oslo, Norway",Oslo,Norway,59.91333,10.73897,84.46,Cost of Living Plus Rent Index
"Trondheim, Norway",Trondheim,Norway,63.430566,10.395193,79.58,Cost of Living Plus Rent Index
"Bergen, Norway",Bergen,Norway,60.391263,5.322054,77.58,Cost of Living Plus Rent Index
"Copenhagen, Denmark",Copenhagen,Denmark,55.686724,12.570072,74.97,Cost of Living Plus Rent Index
"Luxembourg, Luxembourg",Luxembourg,Luxembourg,49.815868,6.129675,79.08,Cost of Living Plus Rent Index
"Paris, France",Paris,France,48.856614,2.352222,72.34,Cost of Living Plus Rent Index
"Limerick, Ireland",Limerick,Ireland,52.661252,-8.630124,61.37,Cost of Living Plus Rent Index
"Arhus, Denmark",Arhus,Denmark,56.149628,10.213405,64.37,Cost of Living Plus Rent Index
"Aalborg, Denmark",Aalborg,Denmark,57.048221,9.919394,60.13,Cost of Living Plus Rent Index
"Stockholm, Sweden",Stockholm,Sweden,59.325117,18.071093,68.87,Cost of Living Plus Rent Index
"Montpellier, France",Montpellier,France,43.611242,3.876734,58.95,Cost of Living Plus Rent Index
"Dublin, Ireland",Dublin,Ireland,53.349764,-6.260273,76.52,Cost of Living Plus Rent Index
"Linz, Austria",Linz,Austria,48.30694,14.28583,60.44,Cost of Living Plus Rent Index
"Amsterdam, Netherlands",Amsterdam,Netherlands,52.37454,4.897976,74.23,Cost of Living Plus Rent Index
"Antwerp, Belgium",Antwerp,Belgium,51.22111,4.399708,59.19,Cost of Living Plus Rent Index
"Helsinki, Finland",Helsinki,Finland,60.169856,24.938379,64.98,Cost of Living Plus Rent Index
"Grenoble, France",Grenoble,France,45.18756,5.735782,57.51,Cost of Living Plus Rent Index
"Tampere, Finland",Tampere,Finland,61.498021,23.760312,59.08,Cost of Living Plus Rent Index
"Florence, Italy",Florence,Italy,43.769871,11.255576,60.34,Cost of Living Plus Rent Index
"Nice, France",Nice,France,43.700936,7.268391,60.14,Cost of Living Plus Rent Index
"Leuven, Belgium",Leuven,Belgium,50.879202,4.701168,58.38,Cost of Living Plus Rent Index
"Gent, Belgium",Gent,Belgium,50.879202,4.701168,57.07,Cost of Living Plus Rent Index
"Milan, Italy",Milan,Italy,45.4668,9.1905,65.11,Cost of Living Plus Rent Index
"Genoa, Italy",Genoa,Italy,44.40726,8.933862,54.39,Cost of Living Plus Rent Index
"The Hague (Den Haag), Netherlands",The Hague (Den Haag),Netherlands,52.079984,4.311346,61.14,Cost of Living Plus Rent Index
"Munich, Germany",Munich,Germany,48.137108,11.575382,66.3,Cost of Living Plus Rent Index
"Lyon, France",Lyon,France,45.757814,4.832011,57.26,Cost of Living Plus Rent Index
"Gothenburg, Sweden",Gothenburg,Sweden,57.707233,11.967017,58.38,Cost of Living Plus Rent Index
"Brussels, Belgium",Brussels,Belgium,50.846557,4.351697,60.55,Cost of Living Plus Rent Index
"Utrecht, Netherlands",Utrecht,Netherlands,52.080952,5.12768,62.55,Cost of Living Plus Rent Index
"Cork, Ireland",Cork,Ireland,51.897928,-8.470581,62.19,Cost of Living Plus Rent Index
"Toulouse, France",Toulouse,France,43.604462,1.444247,54.94,Cost of Living Plus Rent Index
"Rotterdam, Netherlands",Rotterdam,Netherlands,51.922896,4.463173,59.8,Cost of Living Plus Rent Index
"Dusseldorf, Germany",Dusseldorf,Germany,51.225402,6.776314,60.23,Cost of Living Plus Rent Index
"Turku, Finland",Turku,Finland,60.451753,22.267052,54.87,Cost of Living Plus Rent Index
"Padova, Italy",Padova,Italy,45.407717,11.873446,53.85,Cost of Living Plus Rent Index
"Frankfurt, Germany",Frankfurt,Germany,50.110922,8.682127,60.4,Cost of Living Plus Rent Index
"Hamburg, Germany",Hamburg,Germany,53.550341,10.000654,58.02,Cost of Living Plus Rent Index
"Parma, Italy",Parma,Italy,44.801368,10.328083,53.85,Cost of Living Plus Rent Index
"Maastricht, Netherlands",Maastricht,Netherlands,50.857985,5.696988,57.86,Cost of Living Plus Rent Index
"Graz, Austria",Graz,Austria,47.070868,15.438279,53.75,Cost of Living Plus Rent Index
"Galway, Ireland",Galway,Ireland,53.274412,-9.049063,58.21,Cost of Living Plus Rent Index
"Malmo, Sweden",Malmo,Sweden,55.605293,13.000157,55.09,Cost of Living Plus Rent Index
"Uppsala, Sweden",Uppsala,Sweden,59.858564,17.638927,54.97,Cost of Living Plus Rent Index
"Lund, Sweden",Lund,Sweden,55.70293,13.192945,54.16,Cost of Living Plus Rent Index
"Bologna, Italy",Bologna,Italy,44.49382,11.342633,53.5,Cost of Living Plus Rent Index
"Sliema, Malta",Sliema,Malta,35.912761,14.502071,58.32,Cost of Living Plus Rent Index
"Rome, Italy",Rome,Italy,41.894802,12.485338,60.2,Cost of Living Plus Rent Index
"Eindhoven, Netherlands",Eindhoven,Netherlands,51.439265,5.478633,57.73,Cost of Living Plus Rent Index
"Vienna, Austria",Vienna,Austria,48.208354,16.372504,57.61,Cost of Living Plus Rent Index
"Lille, France",Lille,France,50.636565,3.063528,52.47,Cost of Living Plus Rent Index
"Trieste, Italy",Trieste,Italy,45.650033,13.770656,50.76,Cost of Living Plus Rent Index
"Bergamo, Italy",Bergamo,Italy,45.756656,9.754219,50.87,Cost of Living Plus Rent Index
"Heidelberg, Germany",Heidelberg,Germany,49.398752,8.672434,57.96,Cost of Living Plus Rent Index
"Mannheim, Germany",Mannheim,Germany,49.489291,8.46731,52.99,Cost of Living Plus Rent Index
"Groningen, Netherlands",Groningen,Netherlands,53.219065,6.568008,54.59,Cost of Living Plus Rent Index
"Karlsruhe, Germany",Karlsruhe,Germany,49.00689,8.403653,50.76,Cost of Living Plus Rent Index
"Turin, Italy",Turin,Italy,45.070339,7.686864,50.01,Cost of Living Plus Rent Index
"Stuttgart, Germany",Stuttgart,Germany,48.778449,9.180013,55.4,Cost of Living Plus Rent Index
"Berlin, Germany",Berlin,Germany,52.517037,13.38886,54.65,Cost of Living Plus Rent Index
"Palma De Mallorca, Spain",Palma De Mallorca,Spain,39.5696,2.65016,50.12,Cost of Living Plus Rent Index
"Cologne, Germany",Cologne,Germany,50.938361,6.959974,52.67,Cost of Living Plus Rent Index
"Bonn, Germany",Bonn,Germany,50.73743,7.098207,52.21,Cost of Living Plus Rent Index
"Bremen, Germany",Bremen,Germany,53.07582,8.807165,48.72,Cost of Living Plus Rent Index
"Bilbao, Spain",Bilbao,Spain,43.263005,-2.934992,52.55,Cost of Living Plus Rent Index
"Nuremberg, Germany",Nuremberg,Germany,49.453872,11.077298,49.67,Cost of Living Plus Rent Index
"Leipzig, Germany",Leipzig,Germany,51.340632,12.374733,47.22,Cost of Living Plus Rent Index
"Aachen, Germany",Aachen,Germany,50.776351,6.083862,48.99,Cost of Living Plus Rent Index
"Dresden, Germany",Dresden,Germany,51.049329,13.738144,47.94,Cost of Living Plus Rent Index
"Naples, Italy",Naples,Italy,40.835934,14.248783,46.41,Cost of Living Plus Rent Index
"Darmstadt, Germany",Darmstadt,Germany,49.872775,8.651177,51.13,Cost of Living Plus Rent Index
"Barcelona, Spain",Barcelona,Spain,41.387397,2.168568,52.37,Cost of Living Plus Rent Index
"Marseille, France",Marseille,France,43.296174,5.369953,47.6,Cost of Living Plus Rent Index
"Hanover, Germany",Hanover,Germany,52.374478,9.738553,46.59,Cost of Living Plus Rent Index
"Malta, Malta",Malta,Malta,35.937496,14.375416,48.26,Cost of Living Plus Rent Index
"Madrid, Spain",Madrid,Spain,40.416705,-3.703582,51.13,Cost of Living Plus Rent Index
"Nicosia, Cyprus",Nicosia,Cyprus,35.180282,33.373696,42.59,Cost of Living Plus Rent Index
"Ljubljana, Slovenia",Ljubljana,Slovenia,46.049815,14.506782,43.84,Cost of Living Plus Rent Index
"Zaragoza (Saragossa), Spain",Zaragoza (Saragossa),Spain,41.652134,-0.880943,41.2,Cost of Living Plus Rent Index
"Thessaloniki, Greece",Thessaloniki,Greece,40.640063,22.944419,39.2,Cost of Living Plus Rent Index
"Athens, Greece",Athens,Greece,37.983941,23.728305,40.22,Cost of Living Plus Rent Index
"Limassol, Cyprus",Limassol,Cyprus,34.68529,33.033266,44.57,Cost of Living Plus Rent Index
"Martin, Slovakia",Martin,Slovakia,49.072492,18.929193,41.63,Cost of Living Plus Rent Index
"Tallinn, Estonia",Tallinn,Estonia,59.437216,24.745369,39.84,Cost of Living Plus Rent Index
"Valencia, Spain",Valencia,Spain,39.469901,-0.375951,41.17,Cost of Living Plus Rent Index
"Sevilla, Spain",Sevilla,Spain,37.38863,-5.99534,41.35,Cost of Living Plus Rent Index
"Larnaca, Cyprus",Larnaca,Cyprus,34.923609,33.623618,36.53,Cost of Living Plus Rent Index
"Split, Croatia",Split,Croatia,43.508132,16.440193,37.2,Cost of Living Plus Rent Index
"Rijeka, Croatia",Rijeka,Croatia,45.326936,14.440984,36.24,Cost of Living Plus Rent Index
"Zagreb, Croatia",Zagreb,Croatia,45.813177,15.977048,37.45,Cost of Living Plus Rent Index
"Lisbon, Portugal",Lisbon,Portugal,38.707751,-9.136592,44.01,Cost of Living Plus Rent Index
"Patras, Greece",Patras,Greece,38.246242,21.735085,34.23,Cost of Living Plus Rent Index
"Malaga, Spain",Malaga,Spain,36.721303,-4.421637,39.85,Cost of Living Plus Rent Index
"Funchal, Portugal",Funchal,Portugal,32.64965,-16.908678,38.15,Cost of Living Plus Rent Index
"Tartu, Estonia",Tartu,Estonia,58.374844,26.730244,35.69,Cost of Living Plus Rent Index
"Porto, Portugal",Porto,Portugal,41.157944,-8.629105,38.5,Cost of Living Plus Rent Index
"Riga, Latvia",Riga,Latvia,56.949398,24.105185,35.75,Cost of Living Plus Rent Index
"Coimbra, Portugal",Coimbra,Portugal,40.21098,-8.429206,35.25,Cost of Living Plus Rent Index
"Granada, Spain",Granada,Spain,37.183054,-3.602193,35.39,Cost of Living Plus Rent Index
"Vilnius, Lithuania",Vilnius,Lithuania,54.687046,25.282911,36.72,Cost of Living Plus Rent Index
"Prague, Czech Republic",Prague,Czech Republic,50.087465,14.421254,39.96,Cost of Living Plus Rent Index
"Bratislava, Slovakia",Bratislava,Slovakia,48.135908,17.159744,38.8,Cost of Living Plus Rent Index
"Santa Cruz De Tenerife, Spain",Santa Cruz De Tenerife,Spain,28.469648,-16.254088,36.32,Cost of Living Plus Rent Index
"Las Palmas, Spain",Las Palmas,Spain,27.958,-15.606231,36.98,Cost of Living Plus Rent Index
"Kaunas, Lithuania",Kaunas,Lithuania,54.898214,23.904482,33.19,Cost of Living Plus Rent Index
"Klaipeda, Lithuania",Klaipeda,Lithuania,55.712753,21.135047,32.57,Cost of Living Plus Rent Index
"Braga, Portugal",Braga,Portugal,41.551058,-8.428005,32.55,Cost of Living Plus Rent Index
"Kosice, Slovakia",Kosice,Slovakia,48.717227,21.249677,34.38,Cost of Living Plus Rent Index
"Budapest, Hungary",Budapest,Hungary,47.498382,19.040471,35.12,Cost of Living Plus Rent Index
"Brno, Czech Republic",Brno,Czech Republic,49.19506,16.606837,35.32,Cost of Living Plus Rent Index
"Osijek, Croatia",Osijek,Croatia,45.554875,18.695359,29.32,Cost of Living Plus Rent Index
"Gdansk, Poland",Gdansk,Poland,54.361434,18.628218,33.96,Cost of Living Plus Rent Index
"Warsaw, Poland",Warsaw,Poland,52.233717,21.071411,35.86,Cost of Living Plus Rent Index
"Gdynia, Poland",Gdynia,Poland,54.503833,18.462806,31.82,Cost of Living Plus Rent Index
"Wroclaw, Poland",Wroclaw,Poland,51.108978,17.032669,33.43,Cost of Living Plus Rent Index
"Olomouc, Czech Republic",Olomouc,Czech Republic,49.594057,17.251143,30.08,Cost of Living Plus Rent Index
"Krakow (Cracow), Poland",Krakow (Cracow),Poland,50.060674,19.937139,32.48,Cost of Living Plus Rent Index
"Poznan, Poland",Poznan,Poland,52.400632,16.919787,30.89,Cost of Living Plus Rent Index
"Debrecen, Hungary",Debrecen,Hungary,47.531399,21.625978,28.24,Cost of Living Plus Rent Index
"Bydgoszcz, Poland",Bydgoszcz,Poland,53.129746,18.02937,30.53,Cost of Living Plus Rent Index
"Ostrava, Czech Republic",Ostrava,Czech Republic,49.834914,18.282008,28.36,Cost of Living Plus Rent Index
"Podgorica, Montenegro",Podgorica,Montenegro,42.441524,19.262108,28.48,Cost of Living Plus Rent Index
"Szczecin, Poland",Szczecin,Poland,53.429681,14.592913,29.23,Cost of Living Plus Rent Index
"Bucharest, Romania",Bucharest,Romania,44.436141,26.10272,29.73,Cost of Living Plus Rent Index
"Belgrade, Serbia",Belgrade,Serbia,44.817813,20.456897,28.7,Cost of Living Plus Rent Index
"Lodz, Poland",Lodz,Poland,51.768732,19.456991,28.78,Cost of Living Plus Rent Index
"Sofia, Bulgaria",Sofia,Bulgaria,42.697708,23.321867,28.57,Cost of Living Plus Rent Index
"Sarajevo, Bosnia And Herzegovina",Sarajevo,Bosnia And Herzegovina,43.851977,18.386687,26.89,Cost of Living Plus Rent Index
"Lublin, Poland",Lublin,Poland,51.246454,22.568446,30.62,Cost of Living Plus Rent Index
"Katowice, Poland",Katowice,Poland,50.259899,19.021585,27.86,Cost of Living Plus Rent Index
"Varna, Bulgaria",Varna,Bulgaria,43.21405,27.914733,26.08,Cost of Living Plus Rent Index
"Timisoara, Romania",Timisoara,Romania,45.753836,21.225747,26.75,Cost of Living Plus Rent Index
"Burgas, Bulgaria",Burgas,Bulgaria,42.444553,27.208265,24.65,Cost of Living Plus Rent Index
"Cluj-Napoca, Romania",Cluj-Napoca,Romania,46.769379,23.589954,27.54,Cost of Living Plus Rent Index
"Plovdiv, Bulgaria",Plovdiv,Bulgaria,42.141854,24.74993,24.55,Cost of Living Plus Rent Index
"Banja Luka, Bosnia And Herzegovina",Banja Luka,Bosnia And Herzegovina,44.774118,17.196153,24.38,Cost of Living Plus Rent Index
"Iasi, Romania",Iasi,Romania,47.161534,27.583614,25.7,Cost of Living Plus Rent Index
"Sibiu, Romania",Sibiu,Romania,45.797391,24.15192,24.53,Cost of Living Plus Rent Index
"Tirana, Albania",Tirana,Albania,41.315886,19.900912,25.17,Cost of Living Plus Rent Index
"Oradea, Romania",Oradea,Romania,47.054916,21.928523,23.74,Cost of Living Plus Rent Index
"Novi Sad, Serbia",Novi Sad,Serbia,45.255134,19.845176,23.74,Cost of Living Plus Rent Index
"Skopje, Macedonia",Skopje,Macedonia,41.996092,21.431649,24.4,Cost of Living Plus Rent Index
"Brasov, Romania",Brasov,Romania,45.652309,25.610275,24.67,Cost of Living Plus Rent Index
"Nis, Serbia",Nis,Serbia,43.321504,21.89573,22.09,Cost of Living Plus Rent Index
"Arad, Romania",Arad,Romania,46.293665,21.893762,23.33,Cost of Living Plus Rent Index
"Craiova, Romania",Craiova,Romania,44.319016,23.796561,21.07,Cost of Living Plus Rent Index
"Chisinau, Moldova",Chisinau,Moldova,47.024471,28.832253,22.14,Cost of Living Plus Rent Index
"Odesa, Ukraine",Odesa,Ukraine,46.484302,30.732288,20.36,Cost of Living Plus Rent Index
"Kiev, Ukraine",Kiev,Ukraine,50.450107,30.52405,20.24,Cost of Living Plus Rent Index
"Dnipropetrovsk, Ukraine",Dnipropetrovsk,Ukraine,48.468022,35.041771,16.86,Cost of Living Plus Rent Index
"Lviv, Ukraine",Lviv,Ukraine,49.841952,24.031592,17.01,Cost of Living Plus Rent Index
"Kharkiv, Ukraine",Kharkiv,Ukraine,49.992318,36.231015,16.87,Cost of Living Plus Rent Index
"London, United Kingdom",London,England,51.507351,-0.127758,82.89,Cost of Living Plus Rent Index
"Milton Keynes, United Kingdom",Milton Keynes,England,52.04298,-0.758961,62.68,Cost of Living Plus Rent Index
"Bath, United Kingdom",Bath,England,51.381386,-2.359696,62.56,Cost of Living Plus Rent Index
"Reading, United Kingdom",Reading,England,51.451495,-0.983634,64.03,Cost of Living Plus Rent Index
"Aberdeen, United Kingdom",Aberdeen,Scotland,57.148243,-2.092809,58.56,Cost of Living Plus Rent Index
"Cambridge, United Kingdom",Cambridge,England,52.203482,0.123582,65.78,Cost of Living Plus Rent Index
"Portsmouth, United Kingdom",Portsmouth,England,50.803683,-1.075614,56.99,Cost of Living Plus Rent Index
"Oxford, United Kingdom",Oxford,England,51.752013,-1.25785,66.79,Cost of Living Plus Rent Index
"Edinburgh, United Kingdom",Edinburgh,Scotland,55.953346,-3.188375,57.69,Cost of Living Plus Rent Index
"York, United Kingdom",York,England,53.959055,-1.081536,54.69,Cost of Living Plus Rent Index
"Bristol, United Kingdom",Bristol,England,51.453802,-2.597298,59.59,Cost of Living Plus Rent Index
"Manchester, United Kingdom",Manchester,England,53.479489,-2.245115,54.83,Cost of Living Plus Rent Index
"Brighton, United Kingdom",Brighton,England,50.82204,-0.137406,61.21,Cost of Living Plus Rent Index
"Nottingham, United Kingdom",Nottingham,England,52.953419,-1.149646,51.3,Cost of Living Plus Rent Index
"Coventry, United Kingdom",Coventry,England,52.408181,-1.510477,51.96,Cost of Living Plus Rent Index
"Norwich, United Kingdom",Norwich,England,52.628606,1.29227,51.26,Cost of Living Plus Rent Index
"Leeds, United Kingdom",Leeds,England,53.797418,-1.543794,53.41,Cost of Living Plus Rent Index
"Sheffield, United Kingdom",Sheffield,England,53.380663,-1.470228,50.55,Cost of Living Plus Rent Index
"Glasgow, United Kingdom",Glasgow,Scotland,55.860982,-4.248879,52.03,Cost of Living Plus Rent Index
"Exeter, United Kingdom",Exeter,England,50.725562,-3.526911,53.24,Cost of Living Plus Rent Index
"Birmingham, United Kingdom",Birmingham,England,52.47754,-1.894053,51.33,Cost of Living Plus Rent Index
"Cardiff, United Kingdom",Cardiff,Wales,51.481655,-3.179193,50.69,Cost of Living Plus Rent Index
"Southampton, United Kingdom",Southampton,England,50.902535,-1.404189,52.97,Cost of Living Plus Rent Index
"Newcastle Upon Tyne, United Kingdom",Newcastle Upon Tyne,England,54.973847,-1.613157,48.58,Cost of Living Plus Rent Index
"Liverpool, United Kingdom",Liverpool,England,53.407154,-2.991665,48.04,Cost of Living Plus Rent Index
"Belfast, United Kingdom",Belfast,Northern Ireland,54.596441,-5.930276,47.04,Cost of Living Plus Rent Index
"Derby, United Kingdom",Derby,England,52.921262,-1.476149,45.92,Cost of Living Plus Rent Index
"Zurich, Switzerland",Zurich,Switzerland,47.376943,8.541406,149.86,Groceries Index
"Geneva, Switzerland",Geneva,Switzerland,46.201756,6.146601,138.98,Groceries Index
"Basel, Switzerland",Basel,Switzerland,47.559599,7.588576,127.54,Groceries Index
"Bern, Switzerland",Bern,Switzerland,46.947974,7.447447,132.7,Groceries Index
"Lausanne, Switzerland",Lausanne,Switzerland,46.521827,6.632702,126.59,Groceries Index
"Reykjavik, Iceland",Reykjavik,Iceland,64.145981,-21.942237,118.15,Groceries Index
"Stavanger, Norway",Stavanger,Norway,58.96896,5.729465,106.09,Groceries Index
"Lugano, Switzerland",Lugano,Switzerland,46.00501,8.952028,117.74,Groceries Index
"Oslo, Norway",Oslo,Norway,59.91333,10.73897,112.42,Groceries Index
"Trondheim, Norway",Trondheim,Norway,63.430566,10.395193,103.5,Groceries Index
"Bergen, Norway",Bergen,Norway,60.391263,5.322054,101.79,Groceries Index
"Copenhagen, Denmark",Copenhagen,Denmark,55.686724,12.570072,77.53,Groceries Index
"Luxembourg, Luxembourg",Luxembourg,Luxembourg,49.815868,6.129675,82.71,Groceries Index
"Paris, France",Paris,France,48.856614,2.352222,87.29,Groceries Index
"Limerick, Ireland",Limerick,Ireland,52.661252,-8.630124,87.15,Groceries Index
"Arhus, Denmark",Arhus,Denmark,56.149628,10.213405,71.5,Groceries Index
"Aalborg, Denmark",Aalborg,Denmark,57.048221,9.919394,73.79,Groceries Index
"Stockholm, Sweden",Stockholm,Sweden,59.325117,18.071093,84.06,Groceries Index
"Montpellier, France",Montpellier,France,43.611242,3.876734,86.93,Groceries Index
"Dublin, Ireland",Dublin,Ireland,53.349764,-6.260273,73.62,Groceries Index
"Linz, Austria",Linz,Austria,48.30694,14.28583,84.03,Groceries Index
"Amsterdam, Netherlands",Amsterdam,Netherlands,52.37454,4.897976,70.13,Groceries Index
"Antwerp, Belgium",Antwerp,Belgium,51.22111,4.399708,79.12,Groceries Index
"Helsinki, Finland",Helsinki,Finland,60.169856,24.938379,73.82,Groceries Index
"Grenoble, France",Grenoble,France,45.18756,5.735782,88.71,Groceries Index
"Tampere, Finland",Tampere,Finland,61.498021,23.760312,73.89,Groceries Index
"Florence, Italy",Florence,Italy,43.769871,11.255576,76.28,Groceries Index
"Nice, France",Nice,France,43.700936,7.268391,78.82,Groceries Index
"Leuven, Belgium",Leuven,Belgium,50.879202,4.701168,79.81,Groceries Index
"Gent, Belgium",Gent,Belgium,50.879202,4.701168,72.2,Groceries Index
"Milan, Italy",Milan,Italy,45.4668,9.1905,75.56,Groceries Index
"Genoa, Italy",Genoa,Italy,44.40726,8.933862,74.03,Groceries Index
"The Hague (Den Haag), Netherlands",The Hague (Den Haag),Netherlands,52.079984,4.311346,70.25,Groceries Index
"Munich, Germany",Munich,Germany,48.137108,11.575382,72.97,Groceries Index
"Lyon, France",Lyon,France,45.757814,4.832011,77.74,Groceries Index
"Gothenburg, Sweden",Gothenburg,Sweden,57.707233,11.967017,77.45,Groceries Index
"Brussels, Belgium",Brussels,Belgium,50.846557,4.351697,72.55,Groceries Index
"Utrecht, Netherlands",Utrecht,Netherlands,52.080952,5.12768,68.39,Groceries Index
"Cork, Ireland",Cork,Ireland,51.897928,-8.470581,67.32,Groceries Index
"Toulouse, France",Toulouse,France,43.604462,1.444247,77.86,Groceries Index
"Rotterdam, Netherlands",Rotterdam,Netherlands,51.922896,4.463173,63.02,Groceries Index
"Dusseldorf, Germany",Dusseldorf,Germany,51.225402,6.776314,65.69,Groceries Index
"Turku, Finland",Turku,Finland,60.451753,22.267052,69.79,Groceries Index
"Padova, Italy",Padova,Italy,45.407717,11.873446,67.49,Groceries Index
"Frankfurt, Germany",Frankfurt,Germany,50.110922,8.682127,66.85,Groceries Index
"Hamburg, Germany",Hamburg,Germany,53.550341,10.000654,64.85,Groceries Index
"Parma, Italy",Parma,Italy,44.801368,10.328083,71.96,Groceries Index
"Maastricht, Netherlands",Maastricht,Netherlands,50.857985,5.696988,70.13,Groceries Index
"Graz, Austria",Graz,Austria,47.070868,15.438279,78.18,Groceries Index
"Galway, Ireland",Galway,Ireland,53.274412,-9.049063,70.9,Groceries Index
"Malmo, Sweden",Malmo,Sweden,55.605293,13.000157,73.61,Groceries Index
"Uppsala, Sweden",Uppsala,Sweden,59.858564,17.638927,70.45,Groceries Index
"Lund, Sweden",Lund,Sweden,55.70293,13.192945,75.3,Groceries Index
"Bologna, Italy",Bologna,Italy,44.49382,11.342633,70.14,Groceries Index
"Sliema, Malta",Sliema,Malta,35.912761,14.502071,69.3,Groceries Index
"Rome, Italy",Rome,Italy,41.894802,12.485338,68.34,Groceries Index
"Eindhoven, Netherlands",Eindhoven,Netherlands,51.439265,5.478633,63.05,Groceries Index
"Vienna, Austria",Vienna,Austria,48.208354,16.372504,73.8,Groceries Index
"Lille, France",Lille,France,50.636565,3.063528,65.77,Groceries Index
"Trieste, Italy",Trieste,Italy,45.650033,13.770656,72.67,Groceries Index
"Bergamo, Italy",Bergamo,Italy,45.756656,9.754219,64.43,Groceries Index
"Heidelberg, Germany",Heidelberg,Germany,49.398752,8.672434,61.01,Groceries Index
"Mannheim, Germany",Mannheim,Germany,49.489291,8.46731,61.07,Groceries Index
"Groningen, Netherlands",Groningen,Netherlands,53.219065,6.568008,66.99,Groceries Index
"Karlsruhe, Germany",Karlsruhe,Germany,49.00689,8.403653,57.26,Groceries Index
"Turin, Italy",Turin,Italy,45.070339,7.686864,61.62,Groceries Index
"Stuttgart, Germany",Stuttgart,Germany,48.778449,9.180013,55.57,Groceries Index
"Berlin, Germany",Berlin,Germany,52.517037,13.38886,60.74,Groceries Index
"Palma De Mallorca, Spain",Palma De Mallorca,Spain,39.5696,2.65016,62.9,Groceries Index
"Cologne, Germany",Cologne,Germany,50.938361,6.959974,55.97,Groceries Index
"Bonn, Germany",Bonn,Germany,50.73743,7.098207,55,Groceries Index
"Bremen, Germany",Bremen,Germany,53.07582,8.807165,59.15,Groceries Index
"Bilbao, Spain",Bilbao,Spain,43.263005,-2.934992,65.27,Groceries Index
"Nuremberg, Germany",Nuremberg,Germany,49.453872,11.077298,55.83,Groceries Index
"Leipzig, Germany",Leipzig,Germany,51.340632,12.374733,54.51,Groceries Index
"Aachen, Germany",Aachen,Germany,50.776351,6.083862,57.78,Groceries Index
"Dresden, Germany",Dresden,Germany,51.049329,13.738144,56.07,Groceries Index
"Naples, Italy",Naples,Italy,40.835934,14.248783,66.45,Groceries Index
"Darmstadt, Germany",Darmstadt,Germany,49.872775,8.651177,53.91,Groceries Index
"Barcelona, Spain",Barcelona,Spain,41.387397,2.168568,59.29,Groceries Index
"Marseille, France",Marseille,France,43.296174,5.369953,61.91,Groceries Index
"Hanover, Germany",Hanover,Germany,52.374478,9.738553,58.88,Groceries Index
"Malta, Malta",Malta,Malta,35.937496,14.375416,54.11,Groceries Index
"Madrid, Spain",Madrid,Spain,40.416705,-3.703582,56.59,Groceries Index
"Nicosia, Cyprus",Nicosia,Cyprus,35.180282,33.373696,53.67,Groceries Index
"Ljubljana, Slovenia",Ljubljana,Slovenia,46.049815,14.506782,54.76,Groceries Index
"Zaragoza (Saragossa), Spain",Zaragoza (Saragossa),Spain,41.652134,-0.880943,54.76,Groceries Index
"Thessaloniki, Greece",Thessaloniki,Greece,40.640063,22.944419,52.32,Groceries Index
"Athens, Greece",Athens,Greece,37.983941,23.728305,51.34,Groceries Index
"Limassol, Cyprus",Limassol,Cyprus,34.68529,33.033266,52.24,Groceries Index
"Martin, Slovakia",Martin,Slovakia,49.072492,18.929193,56.66,Groceries Index
"Tallinn, Estonia",Tallinn,Estonia,59.437216,24.745369,45.31,Groceries Index
"Valencia, Spain",Valencia,Spain,39.469901,-0.375951,50.92,Groceries Index
"Sevilla, Spain",Sevilla,Spain,37.38863,-5.99534,52.11,Groceries Index
"Larnaca, Cyprus",Larnaca,Cyprus,34.923609,33.623618,49.72,Groceries Index
"Split, Croatia",Split,Croatia,43.508132,16.440193,50.46,Groceries Index
"Rijeka, Croatia",Rijeka,Croatia,45.326936,14.440984,49.63,Groceries Index
"Zagreb, Croatia",Zagreb,Croatia,45.813177,15.977048,49.52,Groceries Index
"Lisbon, Portugal",Lisbon,Portugal,38.707751,-9.136592,47.02,Groceries Index
"Patras, Greece",Patras,Greece,38.246242,21.735085,46.44,Groceries Index
"Malaga, Spain",Malaga,Spain,36.721303,-4.421637,48.93,Groceries Index
"Funchal, Portugal",Funchal,Portugal,32.64965,-16.908678,47.03,Groceries Index
"Tartu, Estonia",Tartu,Estonia,58.374844,26.730244,42.41,Groceries Index
"Porto, Portugal",Porto,Portugal,41.157944,-8.629105,45.79,Groceries Index
"Riga, Latvia",Riga,Latvia,56.949398,24.105185,42.56,Groceries Index
"Coimbra, Portugal",Coimbra,Portugal,40.21098,-8.429206,46.39,Groceries Index
"Granada, Spain",Granada,Spain,37.183054,-3.602193,44.63,Groceries Index
"Vilnius, Lithuania",Vilnius,Lithuania,54.687046,25.282911,42.58,Groceries Index
"Prague, Czech Republic",Prague,Czech Republic,50.087465,14.421254,47.04,Groceries Index
"Bratislava, Slovakia",Bratislava,Slovakia,48.135908,17.159744,46.54,Groceries Index
"Santa Cruz De Tenerife, Spain",Santa Cruz De Tenerife,Spain,28.469648,-16.254088,44.56,Groceries Index
"Las Palmas, Spain",Las Palmas,Spain,27.958,-15.606231,44.95,Groceries Index
"Kaunas, Lithuania",Kaunas,Lithuania,54.898214,23.904482,41.09,Groceries Index
"Klaipeda, Lithuania",Klaipeda,Lithuania,55.712753,21.135047,43.52,Groceries Index
"Braga, Portugal",Braga,Portugal,41.551058,-8.428005,42.67,Groceries Index
"Kosice, Slovakia",Kosice,Slovakia,48.717227,21.249677,44.97,Groceries Index
"Budapest, Hungary",Budapest,Hungary,47.498382,19.040471,40.71,Groceries Index
"Brno, Czech Republic",Brno,Czech Republic,49.19506,16.606837,44.77,Groceries Index
"Osijek, Croatia",Osijek,Croatia,45.554875,18.695359,40.85,Groceries Index
"Gdansk, Poland",Gdansk,Poland,54.361434,18.628218,36.86,Groceries Index
"Warsaw, Poland",Warsaw,Poland,52.233717,21.071411,38.53,Groceries Index
"Gdynia, Poland",Gdynia,Poland,54.503833,18.462806,38.15,Groceries Index
"Wroclaw, Poland",Wroclaw,Poland,51.108978,17.032669,38.06,Groceries Index
"Olomouc, Czech Republic",Olomouc,Czech Republic,49.594057,17.251143,43.34,Groceries Index
"Krakow (Cracow), Poland",Krakow (Cracow),Poland,50.060674,19.937139,36.66,Groceries Index
"Poznan, Poland",Poznan,Poland,52.400632,16.919787,37.57,Groceries Index
"Debrecen, Hungary",Debrecen,Hungary,47.531399,21.625978,37.81,Groceries Index
"Bydgoszcz, Poland",Bydgoszcz,Poland,53.129746,18.02937,35.24,Groceries Index
"Ostrava, Czech Republic",Ostrava,Czech Republic,49.834914,18.282008,38.89,Groceries Index
"Podgorica, Montenegro",Podgorica,Montenegro,42.441524,19.262108,35.64,Groceries Index
"Szczecin, Poland",Szczecin,Poland,53.429681,14.592913,35.91,Groceries Index
"Bucharest, Romania",Bucharest,Romania,44.436141,26.10272,36.6,Groceries Index
"Belgrade, Serbia",Belgrade,Serbia,44.817813,20.456897,32.31,Groceries Index
"Lodz, Poland",Lodz,Poland,51.768732,19.456991,34.02,Groceries Index
"Sofia, Bulgaria",Sofia,Bulgaria,42.697708,23.321867,37.06,Groceries Index
"Sarajevo, Bosnia And Herzegovina",Sarajevo,Bosnia And Herzegovina,43.851977,18.386687,35.37,Groceries Index
"Lublin, Poland",Lublin,Poland,51.246454,22.568446,34.52,Groceries Index
"Katowice, Poland",Katowice,Poland,50.259899,19.021585,34.17,Groceries Index
"Varna, Bulgaria",Varna,Bulgaria,43.21405,27.914733,37.66,Groceries Index
"Timisoara, Romania",Timisoara,Romania,45.753836,21.225747,34.26,Groceries Index
"Burgas, Bulgaria",Burgas,Bulgaria,42.444553,27.208265,35.83,Groceries Index
"Cluj-Napoca, Romania",Cluj-Napoca,Romania,46.769379,23.589954,34.7,Groceries Index
"Plovdiv, Bulgaria",Plovdiv,Bulgaria,42.141854,24.74993,35.49,Groceries Index
"Banja Luka, Bosnia And Herzegovina",Banja Luka,Bosnia And Herzegovina,44.774118,17.196153,32.73,Groceries Index
"Iasi, Romania",Iasi,Romania,47.161534,27.583614,33.52,Groceries Index
"Sibiu, Romania",Sibiu,Romania,45.797391,24.15192,32.76,Groceries Index
"Tirana, Albania",Tirana,Albania,41.315886,19.900912,31.79,Groceries Index
"Oradea, Romania",Oradea,Romania,47.054916,21.928523,32.85,Groceries Index
"Novi Sad, Serbia",Novi Sad,Serbia,45.255134,19.845176,31.2,Groceries Index
"Skopje, Macedonia",Skopje,Macedonia,41.996092,21.431649,30.7,Groceries Index
"Brasov, Romania",Brasov,Romania,45.652309,25.610275,31.4,Groceries Index
"Nis, Serbia",Nis,Serbia,43.321504,21.89573,29.67,Groceries Index
"Arad, Romania",Arad,Romania,46.293665,21.893762,30.52,Groceries Index
"Craiova, Romania",Craiova,Romania,44.319016,23.796561,28.61,Groceries Index
"Chisinau, Moldova",Chisinau,Moldova,47.024471,28.832253,27.64,Groceries Index
"Odesa, Ukraine",Odesa,Ukraine,46.484302,30.732288,22.29,Groceries Index
"Kiev, Ukraine",Kiev,Ukraine,50.450107,30.52405,21.96,Groceries Index
"Dnipropetrovsk, Ukraine",Dnipropetrovsk,Ukraine,48.468022,35.041771,20.46,Groceries Index
"Lviv, Ukraine",Lviv,Ukraine,49.841952,24.031592,20.5,Groceries Index
"Kharkiv, Ukraine",Kharkiv,Ukraine,49.992318,36.231015,19.26,Groceries Index
"London, United Kingdom",London,England,51.507351,-0.127758,67.36,Groceries Index
"Milton Keynes, United Kingdom",Milton Keynes,England,52.04298,-0.758961,85.31,Groceries Index
"Bath, United Kingdom",Bath,England,51.381386,-2.359696,78.47,Groceries Index
"Reading, United Kingdom",Reading,England,51.451495,-0.983634,71.32,Groceries Index
"Aberdeen, United Kingdom",Aberdeen,Scotland,57.148243,-2.092809,67.23,Groceries Index
"Cambridge, United Kingdom",Cambridge,England,52.203482,0.123582,67.22,Groceries Index
"Portsmouth, United Kingdom",Portsmouth,England,50.803683,-1.075614,62.19,Groceries Index
"Oxford, United Kingdom",Oxford,England,51.752013,-1.25785,62.18,Groceries Index
"Edinburgh, United Kingdom",Edinburgh,Scotland,55.953346,-3.188375,69.3,Groceries Index
"York, United Kingdom",York,England,53.959055,-1.081536,68.51,Groceries Index
"Bristol, United Kingdom",Bristol,England,51.453802,-2.597298,63.13,Groceries Index
"Manchester, United Kingdom",Manchester,England,53.479489,-2.245115,63.07,Groceries Index
"Brighton, United Kingdom",Brighton,England,50.82204,-0.137406,58.61,Groceries Index
"Nottingham, United Kingdom",Nottingham,England,52.953419,-1.149646,65.92,Groceries Index
"Coventry, United Kingdom",Coventry,England,52.408181,-1.510477,64.04,Groceries Index
"Norwich, United Kingdom",Norwich,England,52.628606,1.29227,58.53,Groceries Index
"Leeds, United Kingdom",Leeds,England,53.797418,-1.543794,61.69,Groceries Index
"Sheffield, United Kingdom",Sheffield,England,53.380663,-1.470228,56.87,Groceries Index
"Glasgow, United Kingdom",Glasgow,Scotland,55.860982,-4.248879,61.85,Groceries Index
"Exeter, United Kingdom",Exeter,England,50.725562,-3.526911,58.28,Groceries Index
"Birmingham, United Kingdom",Birmingham,England,52.47754,-1.894053,57.06,Groceries Index
"Cardiff, United Kingdom",Cardiff,Wales,51.481655,-3.179193,65.68,Groceries Index
"Southampton, United Kingdom",Southampton,England,50.902535,-1.404189,58.97,Groceries Index
"Newcastle Upon Tyne, United Kingdom",Newcastle Upon Tyne,England,54.973847,-1.613157,54.05,Groceries Index
"Liverpool, United Kingdom",Liverpool,England,53.407154,-2.991665,52.24,Groceries Index
"Belfast, United Kingdom",Belfast,Northern Ireland,54.596441,-5.930276,61.07,Groceries Index
"Derby, United Kingdom",Derby,England,52.921262,-1.476149,58.52,Groceries Index
"Zurich, Switzerland",Zurich,Switzerland,47.376943,8.541406,135.76,Restaurant Price Index
"Geneva, Switzerland",Geneva,Switzerland,46.201756,6.146601,129.74,Restaurant Price Index
"Basel, Switzerland",Basel,Switzerland,47.559599,7.588576,127.22,Restaurant Price Index
"Bern, Switzerland",Bern,Switzerland,46.947974,7.447447,119.48,Restaurant Price Index
"Lausanne, Switzerland",Lausanne,Switzerland,46.521827,6.632702,132.12,Restaurant Price Index
"Reykjavik, Iceland",Reykjavik,Iceland,64.145981,-21.942237,133.19,Restaurant Price Index
"Stavanger, Norway",Stavanger,Norway,58.96896,5.729465,143.54,Restaurant Price Index
"Lugano, Switzerland",Lugano,Switzerland,46.00501,8.952028,122.3,Restaurant Price Index
"Oslo, Norway",Oslo,Norway,59.91333,10.73897,124.09,Restaurant Price Index
"Trondheim, Norway",Trondheim,Norway,63.430566,10.395193,134.76,Restaurant Price Index
"Bergen, Norway",Bergen,Norway,60.391263,5.322054,119.61,Restaurant Price Index
"Copenhagen, Denmark",Copenhagen,Denmark,55.686724,12.570072,121.23,Restaurant Price Index
"Luxembourg, Luxembourg",Luxembourg,Luxembourg,49.815868,6.129675,109.61,Restaurant Price Index
"Paris, France",Paris,France,48.856614,2.352222,91.77,Restaurant Price Index
"Limerick, Ireland",Limerick,Ireland,52.661252,-8.630124,82.93,Restaurant Price Index
"Arhus, Denmark",Arhus,Denmark,56.149628,10.213405,102.82,Restaurant Price Index
"Aalborg, Denmark",Aalborg,Denmark,57.048221,9.919394,101.14,Restaurant Price Index
"Stockholm, Sweden",Stockholm,Sweden,59.325117,18.071093,93.71,Restaurant Price Index
"Montpellier, France",Montpellier,France,43.611242,3.876734,75.13,Restaurant Price Index
"Dublin, Ireland",Dublin,Ireland,53.349764,-6.260273,95.64,Restaurant Price Index
"Linz, Austria",Linz,Austria,48.30694,14.28583,88.05,Restaurant Price Index
"Amsterdam, Netherlands",Amsterdam,Netherlands,52.37454,4.897976,95.2,Restaurant Price Index
"Antwerp, Belgium",Antwerp,Belgium,51.22111,4.399708,101.67,Restaurant Price Index
"Helsinki, Finland",Helsinki,Finland,60.169856,24.938379,96.5,Restaurant Price Index
"Grenoble, France",Grenoble,France,45.18756,5.735782,79.04,Restaurant Price Index
"Tampere, Finland",Tampere,Finland,61.498021,23.760312,96.76,Restaurant Price Index
"Florence, Italy",Florence,Italy,43.769871,11.255576,87.67,Restaurant Price Index
"Nice, France",Nice,France,43.700936,7.268391,98.75,Restaurant Price Index
"Leuven, Belgium",Leuven,Belgium,50.879202,4.701168,86.88,Restaurant Price Index
"Gent, Belgium",Gent,Belgium,50.879202,4.701168,94.01,Restaurant Price Index
"Milan, Italy",Milan,Italy,45.4668,9.1905,92.27,Restaurant Price Index
"Genoa, Italy",Genoa,Italy,44.40726,8.933862,83.87,Restaurant Price Index
"The Hague (Den Haag), Netherlands",The Hague (Den Haag),Netherlands,52.079984,4.311346,89.11,Restaurant Price Index
"Munich, Germany",Munich,Germany,48.137108,11.575382,82.46,Restaurant Price Index
"Lyon, France",Lyon,France,45.757814,4.832011,79.13,Restaurant Price Index
"Gothenburg, Sweden",Gothenburg,Sweden,57.707233,11.967017,91.06,Restaurant Price Index
"Brussels, Belgium",Brussels,Belgium,50.846557,4.351697,96.1,Restaurant Price Index
"Utrecht, Netherlands",Utrecht,Netherlands,52.080952,5.12768,97.89,Restaurant Price Index
"Cork, Ireland",Cork,Ireland,51.897928,-8.470581,91.87,Restaurant Price Index
"Toulouse, France",Toulouse,France,43.604462,1.444247,82.38,Restaurant Price Index
"Rotterdam, Netherlands",Rotterdam,Netherlands,51.922896,4.463173,94.81,Restaurant Price Index
"Dusseldorf, Germany",Dusseldorf,Germany,51.225402,6.776314,74.97,Restaurant Price Index
"Turku, Finland",Turku,Finland,60.451753,22.267052,88.89,Restaurant Price Index
"Padova, Italy",Padova,Italy,45.407717,11.873446,78.91,Restaurant Price Index
"Frankfurt, Germany",Frankfurt,Germany,50.110922,8.682127,81.18,Restaurant Price Index
"Hamburg, Germany",Hamburg,Germany,53.550341,10.000654,77.19,Restaurant Price Index
"Parma, Italy",Parma,Italy,44.801368,10.328083,87.4,Restaurant Price Index
"Maastricht, Netherlands",Maastricht,Netherlands,50.857985,5.696988,81.68,Restaurant Price Index
"Graz, Austria",Graz,Austria,47.070868,15.438279,65.21,Restaurant Price Index
"Galway, Ireland",Galway,Ireland,53.274412,-9.049063,81.75,Restaurant Price Index
"Malmo, Sweden",Malmo,Sweden,55.605293,13.000157,87.62,Restaurant Price Index
"Uppsala, Sweden",Uppsala,Sweden,59.858564,17.638927,87.61,Restaurant Price Index
"Lund, Sweden",Lund,Sweden,55.70293,13.192945,80.06,Restaurant Price Index
"Bologna, Italy",Bologna,Italy,44.49382,11.342633,85.23,Restaurant Price Index
"Sliema, Malta",Sliema,Malta,35.912761,14.502071,89.2,Restaurant Price Index
"Rome, Italy",Rome,Italy,41.894802,12.485338,85.32,Restaurant Price Index
"Eindhoven, Netherlands",Eindhoven,Netherlands,51.439265,5.478633,88.51,Restaurant Price Index
"Vienna, Austria",Vienna,Austria,48.208354,16.372504,73.39,Restaurant Price Index
"Lille, France",Lille,France,50.636565,3.063528,74.43,Restaurant Price Index
"Trieste, Italy",Trieste,Italy,45.650033,13.770656,80.97,Restaurant Price Index
"Bergamo, Italy",Bergamo,Italy,45.756656,9.754219,91.76,Restaurant Price Index
"Heidelberg, Germany",Heidelberg,Germany,49.398752,8.672434,75.28,Restaurant Price Index
"Mannheim, Germany",Mannheim,Germany,49.489291,8.46731,73.5,Restaurant Price Index
"Groningen, Netherlands",Groningen,Netherlands,53.219065,6.568008,87.82,Restaurant Price Index
"Karlsruhe, Germany",Karlsruhe,Germany,49.00689,8.403653,80.6,Restaurant Price Index
"Turin, Italy",Turin,Italy,45.070339,7.686864,76.26,Restaurant Price Index
"Stuttgart, Germany",Stuttgart,Germany,48.778449,9.180013,72.07,Restaurant Price Index
"Berlin, Germany",Berlin,Germany,52.517037,13.38886,65.57,Restaurant Price Index
"Palma De Mallorca, Spain",Palma De Mallorca,Spain,39.5696,2.65016,71.61,Restaurant Price Index
"Cologne, Germany",Cologne,Germany,50.938361,6.959974,73.95,Restaurant Price Index
"Bonn, Germany",Bonn,Germany,50.73743,7.098207,70.68,Restaurant Price Index
"Bremen, Germany",Bremen,Germany,53.07582,8.807165,70.25,Restaurant Price Index
"Bilbao, Spain",Bilbao,Spain,43.263005,-2.934992,75.33,Restaurant Price Index
"Nuremberg, Germany",Nuremberg,Germany,49.453872,11.077298,71.58,Restaurant Price Index
"Leipzig, Germany",Leipzig,Germany,51.340632,12.374733,64.82,Restaurant Price Index
"Aachen, Germany",Aachen,Germany,50.776351,6.083862,64.67,Restaurant Price Index
"Dresden, Germany",Dresden,Germany,51.049329,13.738144,59.77,Restaurant Price Index
"Naples, Italy",Naples,Italy,40.835934,14.248783,63.1,Restaurant Price Index
"Darmstadt, Germany",Darmstadt,Germany,49.872775,8.651177,66.6,Restaurant Price Index
"Barcelona, Spain",Barcelona,Spain,41.387397,2.168568,65.07,Restaurant Price Index
"Marseille, France",Marseille,France,43.296174,5.369953,69.58,Restaurant Price Index
"Hanover, Germany",Hanover,Germany,52.374478,9.738553,64.04,Restaurant Price Index
"Malta, Malta",Malta,Malta,35.937496,14.375416,69,Restaurant Price Index
"Madrid, Spain",Madrid,Spain,40.416705,-3.703582,70.41,Restaurant Price Index
"Nicosia, Cyprus",Nicosia,Cyprus,35.180282,33.373696,78.46,Restaurant Price Index
"Ljubljana, Slovenia",Ljubljana,Slovenia,46.049815,14.506782,57.7,Restaurant Price Index
"Zaragoza (Saragossa), Spain",Zaragoza (Saragossa),Spain,41.652134,-0.880943,60.66,Restaurant Price Index
"Thessaloniki, Greece",Thessaloniki,Greece,40.640063,22.944419,61.77,Restaurant Price Index
"Athens, Greece",Athens,Greece,37.983941,23.728305,64.82,Restaurant Price Index
"Limassol, Cyprus",Limassol,Cyprus,34.68529,33.033266,66.53,Restaurant Price Index
"Martin, Slovakia",Martin,Slovakia,49.072492,18.929193,51.89,Restaurant Price Index
"Tallinn, Estonia",Tallinn,Estonia,59.437216,24.745369,61.04,Restaurant Price Index
"Valencia, Spain",Valencia,Spain,39.469901,-0.375951,56.84,Restaurant Price Index
"Sevilla, Spain",Sevilla,Spain,37.38863,-5.99534,58.14,Restaurant Price Index
"Larnaca, Cyprus",Larnaca,Cyprus,34.923609,33.623618,66.8,Restaurant Price Index
"Split, Croatia",Split,Croatia,43.508132,16.440193,55.16,Restaurant Price Index
"Rijeka, Croatia",Rijeka,Croatia,45.326936,14.440984,46.7,Restaurant Price Index
"Zagreb, Croatia",Zagreb,Croatia,45.813177,15.977048,46.65,Restaurant Price Index
"Lisbon, Portugal",Lisbon,Portugal,38.707751,-9.136592,50.14,Restaurant Price Index
"Patras, Greece",Patras,Greece,38.246242,21.735085,53.51,Restaurant Price Index
"Malaga, Spain",Malaga,Spain,36.721303,-4.421637,55.28,Restaurant Price Index
"Funchal, Portugal",Funchal,Portugal,32.64965,-16.908678,44.3,Restaurant Price Index
"Tartu, Estonia",Tartu,Estonia,58.374844,26.730244,55.7,Restaurant Price Index
"Porto, Portugal",Porto,Portugal,41.157944,-8.629105,44.12,Restaurant Price Index
"Riga, Latvia",Riga,Latvia,56.949398,24.105185,51.15,Restaurant Price Index
"Coimbra, Portugal",Coimbra,Portugal,40.21098,-8.429206,42.38,Restaurant Price Index
"Granada, Spain",Granada,Spain,37.183054,-3.602193,51.02,Restaurant Price Index
"Vilnius, Lithuania",Vilnius,Lithuania,54.687046,25.282911,49.97,Restaurant Price Index
"Prague, Czech Republic",Prague,Czech Republic,50.087465,14.421254,40.31,Restaurant Price Index
"Bratislava, Slovakia",Bratislava,Slovakia,48.135908,17.159744,44.37,Restaurant Price Index
"Santa Cruz De Tenerife, Spain",Santa Cruz De Tenerife,Spain,28.469648,-16.254088,53.88,Restaurant Price Index
"Las Palmas, Spain",Las Palmas,Spain,27.958,-15.606231,51.06,Restaurant Price Index
"Kaunas, Lithuania",Kaunas,Lithuania,54.898214,23.904482,45.84,Restaurant Price Index
"Klaipeda, Lithuania",Klaipeda,Lithuania,55.712753,21.135047,46.6,Restaurant Price Index
"Braga, Portugal",Braga,Portugal,41.551058,-8.428005,36.9,Restaurant Price Index
"Kosice, Slovakia",Kosice,Slovakia,48.717227,21.249677,33.36,Restaurant Price Index
"Budapest, Hungary",Budapest,Hungary,47.498382,19.040471,40.43,Restaurant Price Index
"Brno, Czech Republic",Brno,Czech Republic,49.19506,16.606837,34.98,Restaurant Price Index
"Osijek, Croatia",Osijek,Croatia,45.554875,18.695359,36.36,Restaurant Price Index
"Gdansk, Poland",Gdansk,Poland,54.361434,18.628218,40.96,Restaurant Price Index
"Warsaw, Poland",Warsaw,Poland,52.233717,21.071411,42.2,Restaurant Price Index
"Gdynia, Poland",Gdynia,Poland,54.503833,18.462806,43.91,Restaurant Price Index
"Wroclaw, Poland",Wroclaw,Poland,51.108978,17.032669,39.12,Restaurant Price Index
"Olomouc, Czech Republic",Olomouc,Czech Republic,49.594057,17.251143,31.6,Restaurant Price Index
"Krakow (Cracow), Poland",Krakow (Cracow),Poland,50.060674,19.937139,38.32,Restaurant Price Index
"Poznan, Poland",Poznan,Poland,52.400632,16.919787,37.54,Restaurant Price Index
"Debrecen, Hungary",Debrecen,Hungary,47.531399,21.625978,33.04,Restaurant Price Index
"Bydgoszcz, Poland",Bydgoszcz,Poland,53.129746,18.02937,37.73,Restaurant Price Index
"Ostrava, Czech Republic",Ostrava,Czech Republic,49.834914,18.282008,32.47,Restaurant Price Index
"Podgorica, Montenegro",Podgorica,Montenegro,42.441524,19.262108,37.75,Restaurant Price Index
"Szczecin, Poland",Szczecin,Poland,53.429681,14.592913,34.7,Restaurant Price Index
"Bucharest, Romania",Bucharest,Romania,44.436141,26.10272,40.58,Restaurant Price Index
"Belgrade, Serbia",Belgrade,Serbia,44.817813,20.456897,38.34,Restaurant Price Index
"Lodz, Poland",Lodz,Poland,51.768732,19.456991,36.68,Restaurant Price Index
"Sofia, Bulgaria",Sofia,Bulgaria,42.697708,23.321867,34.44,Restaurant Price Index
"Sarajevo, Bosnia And Herzegovina",Sarajevo,Bosnia And Herzegovina,43.851977,18.386687,31.5,Restaurant Price Index
"Lublin, Poland",Lublin,Poland,51.246454,22.568446,34.11,Restaurant Price Index
"Katowice, Poland",Katowice,Poland,50.259899,19.021585,32.56,Restaurant Price Index
"Varna, Bulgaria",Varna,Bulgaria,43.21405,27.914733,34.85,Restaurant Price Index
"Timisoara, Romania",Timisoara,Romania,45.753836,21.225747,36.97,Restaurant Price Index
"Burgas, Bulgaria",Burgas,Bulgaria,42.444553,27.208265,33.58,Restaurant Price Index
"Cluj-Napoca, Romania",Cluj-Napoca,Romania,46.769379,23.589954,33.06,Restaurant Price Index
"Plovdiv, Bulgaria",Plovdiv,Bulgaria,42.141854,24.74993,33.1,Restaurant Price Index
"Banja Luka, Bosnia And Herzegovina",Banja Luka,Bosnia And Herzegovina,44.774118,17.196153,28.97,Restaurant Price Index
"Iasi, Romania",Iasi,Romania,47.161534,27.583614,34.64,Restaurant Price Index
"Sibiu, Romania",Sibiu,Romania,45.797391,24.15192,33.38,Restaurant Price Index
"Tirana, Albania",Tirana,Albania,41.315886,19.900912,32.05,Restaurant Price Index
"Oradea, Romania",Oradea,Romania,47.054916,21.928523,25.94,Restaurant Price Index
"Novi Sad, Serbia",Novi Sad,Serbia,45.255134,19.845176,28.89,Restaurant Price Index
"Skopje, Macedonia",Skopje,Macedonia,41.996092,21.431649,29.14,Restaurant Price Index
"Brasov, Romania",Brasov,Romania,45.652309,25.610275,33.82,Restaurant Price Index
"Nis, Serbia",Nis,Serbia,43.321504,21.89573,30.85,Restaurant Price Index
"Arad, Romania",Arad,Romania,46.293665,21.893762,28.55,Restaurant Price Index
"Craiova, Romania",Craiova,Romania,44.319016,23.796561,25.41,Restaurant Price Index
"Chisinau, Moldova",Chisinau,Moldova,47.024471,28.832253,25.5,Restaurant Price Index
"Odesa, Ukraine",Odesa,Ukraine,46.484302,30.732288,24.04,Restaurant Price Index
"Kiev, Ukraine",Kiev,Ukraine,50.450107,30.52405,22.01,Restaurant Price Index
"Dnipropetrovsk, Ukraine",Dnipropetrovsk,Ukraine,48.468022,35.041771,22.74,Restaurant Price Index
"Lviv, Ukraine",Lviv,Ukraine,49.841952,24.031592,17.88,Restaurant Price Index
"Kharkiv, Ukraine",Kharkiv,Ukraine,49.992318,36.231015,18.44,Restaurant Price Index
"London, United Kingdom",London,England,51.507351,-0.127758,96.36,Restaurant Price Index
"Milton Keynes, United Kingdom",Milton Keynes,England,52.04298,-0.758961,81.71,Restaurant Price Index
"Bath, United Kingdom",Bath,England,51.381386,-2.359696,83.51,Restaurant Price Index
"Reading, United Kingdom",Reading,England,51.451495,-0.983634,95.36,Restaurant Price Index
"Aberdeen, United Kingdom",Aberdeen,Scotland,57.148243,-2.092809,99.29,Restaurant Price Index
"Cambridge, United Kingdom",Cambridge,England,52.203482,0.123582,95.67,Restaurant Price Index
"Portsmouth, United Kingdom",Portsmouth,England,50.803683,-1.075614,89.21,Restaurant Price Index
"Oxford, United Kingdom",Oxford,England,51.752013,-1.25785,81.92,Restaurant Price Index
"Edinburgh, United Kingdom",Edinburgh,Scotland,55.953346,-3.188375,89.29,Restaurant Price Index
"York, United Kingdom",York,England,53.959055,-1.081536,85.11,Restaurant Price Index
"Bristol, United Kingdom",Bristol,England,51.453802,-2.597298,92.62,Restaurant Price Index
"Manchester, United Kingdom",Manchester,England,53.479489,-2.245115,85.92,Restaurant Price Index
"Brighton, United Kingdom",Brighton,England,50.82204,-0.137406,86.71,Restaurant Price Index
"Nottingham, United Kingdom",Nottingham,England,52.953419,-1.149646,75.29,Restaurant Price Index
"Coventry, United Kingdom",Coventry,England,52.408181,-1.510477,71.27,Restaurant Price Index
"Norwich, United Kingdom",Norwich,England,52.628606,1.29227,81.1,Restaurant Price Index
"Leeds, United Kingdom",Leeds,England,53.797418,-1.543794,91.99,Restaurant Price Index
"Sheffield, United Kingdom",Sheffield,England,53.380663,-1.470228,84.47,Restaurant Price Index
"Glasgow, United Kingdom",Glasgow,Scotland,55.860982,-4.248879,79.52,Restaurant Price Index
"Exeter, United Kingdom",Exeter,England,50.725562,-3.526911,82.78,Restaurant Price Index
"Birmingham, United Kingdom",Birmingham,England,52.47754,-1.894053,79.83,Restaurant Price Index
"Cardiff, United Kingdom",Cardiff,Wales,51.481655,-3.179193,72.66,Restaurant Price Index
"Southampton, United Kingdom",Southampton,England,50.902535,-1.404189,76,Restaurant Price Index
"Newcastle Upon Tyne, United Kingdom",Newcastle Upon Tyne,England,54.973847,-1.613157,78.46,Restaurant Price Index
"Liverpool, United Kingdom",Liverpool,England,53.407154,-2.991665,78.55,Restaurant Price Index
"Belfast, United Kingdom",Belfast,Northern Ireland,54.596441,-5.930276,79.19,Restaurant Price Index
"Derby, United Kingdom",Derby,England,52.921262,-1.476149,71.55,Restaurant Price Index
"Zurich, Switzerland",Zurich,Switzerland,47.376943,8.541406,142.7,Local Purchasing Power Index
"Geneva, Switzerland",Geneva,Switzerland,46.201756,6.146601,130.96,Local Purchasing Power Index
"Basel, Switzerland",Basel,Switzerland,47.559599,7.588576,139.01,Local Purchasing Power Index
"Bern, Switzerland",Bern,Switzerland,46.947974,7.447447,112.71,Local Purchasing Power Index
"Lausanne, Switzerland",Lausanne,Switzerland,46.521827,6.632702,127.95,Local Purchasing Power Index
"Reykjavik, Iceland",Reykjavik,Iceland,64.145981,-21.942237,88.95,Local Purchasing Power Index
"Stavanger, Norway",Stavanger,Norway,58.96896,5.729465,118.14,Local Purchasing Power Index
"Lugano, Switzerland",Lugano,Switzerland,46.00501,8.952028,119.86,Local Purchasing Power Index
"Oslo, Norway",Oslo,Norway,59.91333,10.73897,102.94,Local Purchasing Power Index
"Trondheim, Norway",Trondheim,Norway,63.430566,10.395193,108.29,Local Purchasing Power Index
"Bergen, Norway",Bergen,Norway,60.391263,5.322054,99.29,Local Purchasing Power Index
"Copenhagen, Denmark",Copenhagen,Denmark,55.686724,12.570072,113.31,Local Purchasing Power Index
"Luxembourg, Luxembourg",Luxembourg,Luxembourg,49.815868,6.129675,127.42,Local Purchasing Power Index
"Paris, France",Paris,France,48.856614,2.352222,97.62,Local Purchasing Power Index
"Limerick, Ireland",Limerick,Ireland,52.661252,-8.630124,93.93,Local Purchasing Power Index
"Arhus, Denmark",Arhus,Denmark,56.149628,10.213405,109.47,Local Purchasing Power Index
"Aalborg, Denmark",Aalborg,Denmark,57.048221,9.919394,106.35,Local Purchasing Power Index
"Stockholm, Sweden",Stockholm,Sweden,59.325117,18.071093,108.2,Local Purchasing Power Index
"Montpellier, France",Montpellier,France,43.611242,3.876734,74.25,Local Purchasing Power Index
"Dublin, Ireland",Dublin,Ireland,53.349764,-6.260273,88.11,Local Purchasing Power Index
"Linz, Austria",Linz,Austria,48.30694,14.28583,95.13,Local Purchasing Power Index
"Amsterdam, Netherlands",Amsterdam,Netherlands,52.37454,4.897976,101.7,Local Purchasing Power Index
"Antwerp, Belgium",Antwerp,Belgium,51.22111,4.399708,90.18,Local Purchasing Power Index
"Helsinki, Finland",Helsinki,Finland,60.169856,24.938379,113.87,Local Purchasing Power Index
"Grenoble, France",Grenoble,France,45.18756,5.735782,115.7,Local Purchasing Power Index
"Tampere, Finland",Tampere,Finland,61.498021,23.760312,111.28,Local Purchasing Power Index
"Florence, Italy",Florence,Italy,43.769871,11.255576,66.09,Local Purchasing Power Index
"Nice, France",Nice,France,43.700936,7.268391,107.04,Local Purchasing Power Index
"Leuven, Belgium",Leuven,Belgium,50.879202,4.701168,92.44,Local Purchasing Power Index
"Gent, Belgium",Gent,Belgium,50.879202,4.701168,96.27,Local Purchasing Power Index
"Milan, Italy",Milan,Italy,45.4668,9.1905,71.94,Local Purchasing Power Index
"Genoa, Italy",Genoa,Italy,44.40726,8.933862,71.66,Local Purchasing Power Index
"The Hague (Den Haag), Netherlands",The Hague (Den Haag),Netherlands,52.079984,4.311346,106.25,Local Purchasing Power Index
"Munich, Germany",Munich,Germany,48.137108,11.575382,118.19,Local Purchasing Power Index
"Lyon, France",Lyon,France,45.757814,4.832011,101.17,Local Purchasing Power Index
"Gothenburg, Sweden",Gothenburg,Sweden,57.707233,11.967017,112.1,Local Purchasing Power Index
"Brussels, Belgium",Brussels,Belgium,50.846557,4.351697,104.35,Local Purchasing Power Index
"Utrecht, Netherlands",Utrecht,Netherlands,52.080952,5.12768,105.9,Local Purchasing Power Index
"Cork, Ireland",Cork,Ireland,51.897928,-8.470581,105.57,Local Purchasing Power Index
"Toulouse, France",Toulouse,France,43.604462,1.444247,113.77,Local Purchasing Power Index
"Rotterdam, Netherlands",Rotterdam,Netherlands,51.922896,4.463173,102.03,Local Purchasing Power Index
"Dusseldorf, Germany",Dusseldorf,Germany,51.225402,6.776314,114.5,Local Purchasing Power Index
"Turku, Finland",Turku,Finland,60.451753,22.267052,125.14,Local Purchasing Power Index
"Padova, Italy",Padova,Italy,45.407717,11.873446,77.42,Local Purchasing Power Index
"Frankfurt, Germany",Frankfurt,Germany,50.110922,8.682127,142.76,Local Purchasing Power Index
"Hamburg, Germany",Hamburg,Germany,53.550341,10.000654,116.06,Local Purchasing Power Index
"Parma, Italy",Parma,Italy,44.801368,10.328083,84.79,Local Purchasing Power Index
"Maastricht, Netherlands",Maastricht,Netherlands,50.857985,5.696988,105.35,Local Purchasing Power Index
"Graz, Austria",Graz,Austria,47.070868,15.438279,106.41,Local Purchasing Power Index
"Galway, Ireland",Galway,Ireland,53.274412,-9.049063,100.11,Local Purchasing Power Index
"Malmo, Sweden",Malmo,Sweden,55.605293,13.000157,120.92,Local Purchasing Power Index
"Uppsala, Sweden",Uppsala,Sweden,59.858564,17.638927,119.75,Local Purchasing Power Index
"Lund, Sweden",Lund,Sweden,55.70293,13.192945,122.8,Local Purchasing Power Index
"Bologna, Italy",Bologna,Italy,44.49382,11.342633,76.44,Local Purchasing Power Index
"Sliema, Malta",Sliema,Malta,35.912761,14.502071,74.89,Local Purchasing Power Index
"Rome, Italy",Rome,Italy,41.894802,12.485338,72.78,Local Purchasing Power Index
"Eindhoven, Netherlands",Eindhoven,Netherlands,51.439265,5.478633,119.87,Local Purchasing Power Index
"Vienna, Austria",Vienna,Austria,48.208354,16.372504,98.88,Local Purchasing Power Index
"Lille, France",Lille,France,50.636565,3.063528,89.56,Local Purchasing Power Index
"Trieste, Italy",Trieste,Italy,45.650033,13.770656,90.05,Local Purchasing Power Index
"Bergamo, Italy",Bergamo,Italy,45.756656,9.754219,89.37,Local Purchasing Power Index
"Heidelberg, Germany",Heidelberg,Germany,49.398752,8.672434,133.23,Local Purchasing Power Index
"Mannheim, Germany",Mannheim,Germany,49.489291,8.46731,156.77,Local Purchasing Power Index
"Groningen, Netherlands",Groningen,Netherlands,53.219065,6.568008,105.46,Local Purchasing Power Index
"Karlsruhe, Germany",Karlsruhe,Germany,49.00689,8.403653,136.82,Local Purchasing Power Index
"Turin, Italy",Turin,Italy,45.070339,7.686864,85.62,Local Purchasing Power Index
"Stuttgart, Germany",Stuttgart,Germany,48.778449,9.180013,134.02,Local Purchasing Power Index
"Berlin, Germany",Berlin,Germany,52.517037,13.38886,114.09,Local Purchasing Power Index
"Palma De Mallorca, Spain",Palma De Mallorca,Spain,39.5696,2.65016,80.26,Local Purchasing Power Index
"Cologne, Germany",Cologne,Germany,50.938361,6.959974,131.06,Local Purchasing Power Index
"Bonn, Germany",Bonn,Germany,50.73743,7.098207,118.12,Local Purchasing Power Index
"Bremen, Germany",Bremen,Germany,53.07582,8.807165,131.14,Local Purchasing Power Index
"Bilbao, Spain",Bilbao,Spain,43.263005,-2.934992,92.96,Local Purchasing Power Index
"Nuremberg, Germany",Nuremberg,Germany,49.453872,11.077298,127.52,Local Purchasing Power Index
"Leipzig, Germany",Leipzig,Germany,51.340632,12.374733,91.69,Local Purchasing Power Index
"Aachen, Germany",Aachen,Germany,50.776351,6.083862,128.79,Local Purchasing Power Index
"Dresden, Germany",Dresden,Germany,51.049329,13.738144,105.93,Local Purchasing Power Index
"Naples, Italy",Naples,Italy,40.835934,14.248783,59.99,Local Purchasing Power Index
"Darmstadt, Germany",Darmstadt,Germany,49.872775,8.651177,145.86,Local Purchasing Power Index
"Barcelona, Spain",Barcelona,Spain,41.387397,2.168568,77.27,Local Purchasing Power Index
"Marseille, France",Marseille,France,43.296174,5.369953,104.22,Local Purchasing Power Index
"Hanover, Germany",Hanover,Germany,52.374478,9.738553,160.86,Local Purchasing Power Index
"Malta, Malta",Malta,Malta,35.937496,14.375416,72.13,Local Purchasing Power Index
"Madrid, Spain",Madrid,Spain,40.416705,-3.703582,96.36,Local Purchasing Power Index
"Nicosia, Cyprus",Nicosia,Cyprus,35.180282,33.373696,90.59,Local Purchasing Power Index
"Ljubljana, Slovenia",Ljubljana,Slovenia,46.049815,14.506782,74.7,Local Purchasing Power Index
"Zaragoza (Saragossa), Spain",Zaragoza (Saragossa),Spain,41.652134,-0.880943,77.87,Local Purchasing Power Index
"Thessaloniki, Greece",Thessaloniki,Greece,40.640063,22.944419,48.72,Local Purchasing Power Index
"Athens, Greece",Athens,Greece,37.983941,23.728305,52.86,Local Purchasing Power Index
"Limassol, Cyprus",Limassol,Cyprus,34.68529,33.033266,93.12,Local Purchasing Power Index
"Martin, Slovakia",Martin,Slovakia,49.072492,18.929193,44.36,Local Purchasing Power Index
"Tallinn, Estonia",Tallinn,Estonia,59.437216,24.745369,74.02,Local Purchasing Power Index
"Valencia, Spain",Valencia,Spain,39.469901,-0.375951,90.71,Local Purchasing Power Index
"Sevilla, Spain",Sevilla,Spain,37.38863,-5.99534,81.43,Local Purchasing Power Index
"Larnaca, Cyprus",Larnaca,Cyprus,34.923609,33.623618,83.19,Local Purchasing Power Index
"Split, Croatia",Split,Croatia,43.508132,16.440193,53.22,Local Purchasing Power Index
"Rijeka, Croatia",Rijeka,Croatia,45.326936,14.440984,51.41,Local Purchasing Power Index
"Zagreb, Croatia",Zagreb,Croatia,45.813177,15.977048,64.19,Local Purchasing Power Index
"Lisbon, Portugal",Lisbon,Portugal,38.707751,-9.136592,58.48,Local Purchasing Power Index
"Patras, Greece",Patras,Greece,38.246242,21.735085,64.63,Local Purchasing Power Index
"Malaga, Spain",Malaga,Spain,36.721303,-4.421637,94.71,Local Purchasing Power Index
"Funchal, Portugal",Funchal,Portugal,32.64965,-16.908678,52.72,Local Purchasing Power Index
"Tartu, Estonia",Tartu,Estonia,58.374844,26.730244,75.23,Local Purchasing Power Index
"Porto, Portugal",Porto,Portugal,41.157944,-8.629105,63.31,Local Purchasing Power Index
"Riga, Latvia",Riga,Latvia,56.949398,24.105185,53.77,Local Purchasing Power Index
"Coimbra, Portugal",Coimbra,Portugal,40.21098,-8.429206,75.56,Local Purchasing Power Index
"Granada, Spain",Granada,Spain,37.183054,-3.602193,94.61,Local Purchasing Power Index
"Vilnius, Lithuania",Vilnius,Lithuania,54.687046,25.282911,56.97,Local Purchasing Power Index
"Prague, Czech Republic",Prague,Czech Republic,50.087465,14.421254,77.13,Local Purchasing Power Index
"Bratislava, Slovakia",Bratislava,Slovakia,48.135908,17.159744,72.75,Local Purchasing Power Index
"Santa Cruz De Tenerife, Spain",Santa Cruz De Tenerife,Spain,28.469648,-16.254088,93.75,Local Purchasing Power Index
"Las Palmas, Spain",Las Palmas,Spain,27.958,-15.606231,84.11,Local Purchasing Power Index
"Kaunas, Lithuania",Kaunas,Lithuania,54.898214,23.904482,57.97,Local Purchasing Power Index
"Klaipeda, Lithuania",Klaipeda,Lithuania,55.712753,21.135047,58.53,Local Purchasing Power Index
"Braga, Portugal",Braga,Portugal,41.551058,-8.428005,71.62,Local Purchasing Power Index
"Kosice, Slovakia",Kosice,Slovakia,48.717227,21.249677,61.62,Local Purchasing Power Index
"Budapest, Hungary",Budapest,Hungary,47.498382,19.040471,55.54,Local Purchasing Power Index
"Brno, Czech Republic",Brno,Czech Republic,49.19506,16.606837,73.86,Local Purchasing Power Index
"Osijek, Croatia",Osijek,Croatia,45.554875,18.695359,58.44,Local Purchasing Power Index
"Gdansk, Poland",Gdansk,Poland,54.361434,18.628218,72.77,Local Purchasing Power Index
"Warsaw, Poland",Warsaw,Poland,52.233717,21.071411,77.31,Local Purchasing Power Index
"Gdynia, Poland",Gdynia,Poland,54.503833,18.462806,72.98,Local Purchasing Power Index
"Wroclaw, Poland",Wroclaw,Poland,51.108978,17.032669,74.19,Local Purchasing Power Index
"Olomouc, Czech Republic",Olomouc,Czech Republic,49.594057,17.251143,79.5,Local Purchasing Power Index
"Krakow (Cracow), Poland",Krakow (Cracow),Poland,50.060674,19.937139,73.59,Local Purchasing Power Index
"Poznan, Poland",Poznan,Poland,52.400632,16.919787,74.63,Local Purchasing Power Index
"Debrecen, Hungary",Debrecen,Hungary,47.531399,21.625978,48.52,Local Purchasing Power Index
"Bydgoszcz, Poland",Bydgoszcz,Poland,53.129746,18.02937,66.01,Local Purchasing Power Index
"Ostrava, Czech Republic",Ostrava,Czech Republic,49.834914,18.282008,78.36,Local Purchasing Power Index
"Podgorica, Montenegro",Podgorica,Montenegro,42.441524,19.262108,51.8,Local Purchasing Power Index
"Szczecin, Poland",Szczecin,Poland,53.429681,14.592913,60.33,Local Purchasing Power Index
"Bucharest, Romania",Bucharest,Romania,44.436141,26.10272,58.75,Local Purchasing Power Index
"Belgrade, Serbia",Belgrade,Serbia,44.817813,20.456897,40.25,Local Purchasing Power Index
"Lodz, Poland",Lodz,Poland,51.768732,19.456991,70.09,Local Purchasing Power Index
"Sofia, Bulgaria",Sofia,Bulgaria,42.697708,23.321867,60.66,Local Purchasing Power Index
"Sarajevo, Bosnia And Herzegovina",Sarajevo,Bosnia And Herzegovina,43.851977,18.386687,48.89,Local Purchasing Power Index
"Lublin, Poland",Lublin,Poland,51.246454,22.568446,57.02,Local Purchasing Power Index
"Katowice, Poland",Katowice,Poland,50.259899,19.021585,81.77,Local Purchasing Power Index
"Varna, Bulgaria",Varna,Bulgaria,43.21405,27.914733,48.43,Local Purchasing Power Index
"Timisoara, Romania",Timisoara,Romania,45.753836,21.225747,59.09,Local Purchasing Power Index
"Burgas, Bulgaria",Burgas,Bulgaria,42.444553,27.208265,50.53,Local Purchasing Power Index
"Cluj-Napoca, Romania",Cluj-Napoca,Romania,46.769379,23.589954,59.81,Local Purchasing Power Index
"Plovdiv, Bulgaria",Plovdiv,Bulgaria,42.141854,24.74993,54.98,Local Purchasing Power Index
"Banja Luka, Bosnia And Herzegovina",Banja Luka,Bosnia And Herzegovina,44.774118,17.196153,51.24,Local Purchasing Power Index
"Iasi, Romania",Iasi,Romania,47.161534,27.583614,51.29,Local Purchasing Power Index
"Sibiu, Romania",Sibiu,Romania,45.797391,24.15192,54.27,Local Purchasing Power Index
"Tirana, Albania",Tirana,Albania,41.315886,19.900912,38.05,Local Purchasing Power Index
"Oradea, Romania",Oradea,Romania,47.054916,21.928523,46.65,Local Purchasing Power Index
"Novi Sad, Serbia",Novi Sad,Serbia,45.255134,19.845176,48.41,Local Purchasing Power Index
"Skopje, Macedonia",Skopje,Macedonia,41.996092,21.431649,41.99,Local Purchasing Power Index
"Brasov, Romania",Brasov,Romania,45.652309,25.610275,67.91,Local Purchasing Power Index
"Nis, Serbia",Nis,Serbia,43.321504,21.89573,38.68,Local Purchasing Power Index
"Arad, Romania",Arad,Romania,46.293665,21.893762,60.77,Local Purchasing Power Index
"Craiova, Romania",Craiova,Romania,44.319016,23.796561,58.56,Local Purchasing Power Index
"Chisinau, Moldova",Chisinau,Moldova,47.024471,28.832253,31.39,Local Purchasing Power Index
"Odesa, Ukraine",Odesa,Ukraine,46.484302,30.732288,27.73,Local Purchasing Power Index
"Kiev, Ukraine",Kiev,Ukraine,50.450107,30.52405,37.48,Local Purchasing Power Index
"Dnipropetrovsk, Ukraine",Dnipropetrovsk,Ukraine,48.468022,35.041771,31.06,Local Purchasing Power Index
"Lviv, Ukraine",Lviv,Ukraine,49.841952,24.031592,26.88,Local Purchasing Power Index
"Kharkiv, Ukraine",Kharkiv,Ukraine,49.992318,36.231015,27.19,Local Purchasing Power Index
"London, United Kingdom",London,England,51.507351,-0.127758,92.61,Local Purchasing Power Index
"Milton Keynes, United Kingdom",Milton Keynes,England,52.04298,-0.758961,90.17,Local Purchasing Power Index
"Bath, United Kingdom",Bath,England,51.381386,-2.359696,117.98,Local Purchasing Power Index
"Reading, United Kingdom",Reading,England,51.451495,-0.983634,130.18,Local Purchasing Power Index
"Aberdeen, United Kingdom",Aberdeen,Scotland,57.148243,-2.092809,115.94,Local Purchasing Power Index
"Cambridge, United Kingdom",Cambridge,England,52.203482,0.123582,105.39,Local Purchasing Power Index
"Portsmouth, United Kingdom",Portsmouth,England,50.803683,-1.075614,94.57,Local Purchasing Power Index
"Oxford, United Kingdom",Oxford,England,51.752013,-1.25785,86.68,Local Purchasing Power Index
"Edinburgh, United Kingdom",Edinburgh,Scotland,55.953346,-3.188375,104.25,Local Purchasing Power Index
"York, United Kingdom",York,England,53.959055,-1.081536,110.55,Local Purchasing Power Index
"Bristol, United Kingdom",Bristol,England,51.453802,-2.597298,108.18,Local Purchasing Power Index
"Manchester, United Kingdom",Manchester,England,53.479489,-2.245115,98.91,Local Purchasing Power Index
"Brighton, United Kingdom",Brighton,England,50.82204,-0.137406,83.51,Local Purchasing Power Index
"Nottingham, United Kingdom",Nottingham,England,52.953419,-1.149646,107.61,Local Purchasing Power Index
"Coventry, United Kingdom",Coventry,England,52.408181,-1.510477,133.86,Local Purchasing Power Index
"Norwich, United Kingdom",Norwich,England,52.628606,1.29227,89.95,Local Purchasing Power Index
"Leeds, United Kingdom",Leeds,England,53.797418,-1.543794,109.59,Local Purchasing Power Index
"Sheffield, United Kingdom",Sheffield,England,53.380663,-1.470228,110.96,Local Purchasing Power Index
"Glasgow, United Kingdom",Glasgow,Scotland,55.860982,-4.248879,124.11,Local Purchasing Power Index
"Exeter, United Kingdom",Exeter,England,50.725562,-3.526911,86.66,Local Purchasing Power Index
"Birmingham, United Kingdom",Birmingham,England,52.47754,-1.894053,106.25,Local Purchasing Power Index
"Cardiff, United Kingdom",Cardiff,Wales,51.481655,-3.179193,109.78,Local Purchasing Power Index
"Southampton, United Kingdom",Southampton,England,50.902535,-1.404189,116.26,Local Purchasing Power Index
"Newcastle Upon Tyne, United Kingdom",Newcastle Upon Tyne,England,54.973847,-1.613157,127.4,Local Purchasing Power Index
"Liverpool, United Kingdom",Liverpool,England,53.407154,-2.991665,116.18,Local Purchasing Power Index
"Belfast, United Kingdom",Belfast,Northern Ireland,54.596441,-5.930276,103.27,Local Purchasing Power Index
"Derby, United Kingdom",Derby,England,52.921262,-1.476149,110.83,Local Purchasing Power Index